-- SQLite Schema for East African Spirit Sales System
-- Compatible with Turso (libSQL) and standard SQLite
-- Converted from MySQL/MariaDB dump

PRAGMA foreign_keys = OFF;

-- --------------------------------------------------------
-- Table: customers
-- --------------------------------------------------------
DROP TABLE IF EXISTS customers;
CREATE TABLE customers (
  id INTEGER PRIMARY KEY AUTOINCREMENT,
  name TEXT NOT NULL,
  location TEXT DEFAULT NULL,
  phone TEXT DEFAULT NULL,
  is_export INTEGER DEFAULT 0,
  charges_efd INTEGER NOT NULL DEFAULT 0,
  efd_profit_per_carton NUMERIC(10,2) NOT NULL DEFAULT 0.00
);

INSERT INTO customers (id, name, location, phone, is_export, charges_efd, efd_profit_per_carton) VALUES
(1, 'EMANUEL CHONJO', 'DODOMA', '0764 935 115', 0, 0, 0.00),
(2, 'JAPHET MASUKE', 'SHINYANGA', '0754 764 968', 0, 0, 0.00),
(3, 'MINJA SEVERINI', 'SHINYANGA', '0658 828 432', 0, 0, 0.00),
(4, 'BOZRA NDETI', 'SHINYANGA', '0755 716 520', 0, 0, 0.00),
(5, 'B. S LIQUORS STORE', 'SHINYANGA', '0756 716 520', 0, 0, 0.00),
(6, 'DOHAKI LTD', 'ARUSHA', '', 0, 0, 0.00),
(7, 'JOJONO ENTERPRISES', 'DAR ES SALAAM', '0713 242 229', 0, 0, 0.00),
(8, 'B. P. K COMPANY', 'DAR ES SALAAM', '', 0, 0, 0.00),
(9, 'S.D VASANT', 'TANGA MJINI', '0713 437 537', 0, 0, 0.00),
(10, 'ALEX GERVAS NDABATINYA', 'MPANDA- KATAVI', '0765 504 290', 0, 0, 0.00),
(11, 'YUDA MAKINDA', 'MPANDA- KATAVI', '0753 353 523', 0, 0, 0.00),
(12, 'ALEX JOHN MILINGA/NGUSA SHOP', 'MPANDA- KATAVI', '0753 984 542', 0, 0, 0.00),
(13, 'JOEL MVANGA', 'MASWA & MEATU', '0758 004 083', 0, 1, 2000.00),
(14, 'GRAMBA STORE', 'MWANZA', '0784 800 744', 0, 0, 0.00),
(15, 'STELLA KIZIGA', 'KIJITONYAMA BRANCH-DAR', '', 0, 1, 2000.00),
(16, 'TAKAWEDO', 'DODOMA', '', 0, 0, 0.00),
(17, 'JULIO', 'SUMBAWANGA', '0762 147 046', 0, 0, 0.00),
(18, 'MAMA GOOD', 'SUMBAWANGA', '0762 465 804', 0, 0, 0.00),
(19, 'KURWA SHOP', 'MPANDA', '0755 572 605', 0, 0, 0.00),
(20, 'OBAMA', 'DODOMA', '0755 897 355', 0, 0, 0.00),
(21, 'OBAMA', 'MBEYA', '0786 670 754', 0, 0, 0.00),
(22, 'MARWA PATRICK', 'MBEYA', '', 0, 0, 0.00),
(23, 'SIMON GWERA', 'MUSOMA/SERENGETI', '', 0, 0, 0.00),
(24, 'MAMA NKAMBA', 'BARIADI', '', 0, 0, 0.00),
(25, 'SULUBA', 'DUTWA', '', 0, 0, 0.00),
(26, 'SHULI', 'MASWA', '', 0, 0, 0.00),
(27, 'MACHA', 'MWANHUZI', '', 0, 0, 0.00),
(28, 'KABAGO', 'BUKOBA', '', 0, 0, 0.00),
(29, 'MARK AUGUSTIN MMASSY', 'MOROGORO', '', 0, 0, 0.00),
(30, 'MAWIBO BEVERAGE', 'MBEYA', '', 0, 0, 0.00),
(31, 'SAIYE MINJA', '', '', 0, 0, 0.00),
(32, 'LEGO STORE', 'SHINYANGA', '', 0, 0, 0.00),
(33, 'FREDRICK S MLELWA', 'MWANZA', '', 0, 0, 0.00),
(34, 'EMANUEL JOEL MTOKOMA', 'MAFINGA', '', 0, 0, 0.00),
(35, 'ESTAM AFRICA ENTERPRISES', 'DODOMA', '', 0, 0, 0.00),
(36, 'KILEMA INVESTMENT', 'MOROGORO', '', 0, 0, 0.00),
(37, 'SWEET TEST', 'IRINGA', '', 0, 0, 0.00),
(38, 'MARK A MMASSY', 'IFAKARA', '', 0, 0, 0.00),
(39, 'LUCAS URIO', 'DAR ES SALAAM', '', 0, 0, 0.00),
(40, 'WAKARA', 'MUSOMA', '', 0, 0, 0.00),
(41, 'LUSTE', 'MOSHI', '', 0, 0, 0.00),
(42, 'JANGALA', 'NZEGA', '', 0, 0, 0.00),
(43, 'LEONARD MUSHI', '', '', 0, 0, 0.00),
(44, 'MANKA INFINITY', 'BABATI', '', 0, 0, 0.00),
(45, 'RICHARD MUGISHA', 'SHINYANGA', '', 0, 0, 0.00),
(46, 'KALIWABHO BEVERAGES', 'KAHAMA', '', 0, 0, 0.00),
(47, 'ZAKARIA KISUMO', 'TABORA', '0625 626 006', 0, 0, 0.00),
(48, 'PAUL WILLIAM KANSIGO', 'KAHAMA', '', 0, 0, 0.00),
(49, 'NTINDOGO NZIKU J MZULINGI', 'KAHAMA', '', 0, 0, 0.00),
(50, 'UMULIZA', 'BUKOBA', '', 0, 0, 0.00),
(52, 'SODICA', 'BURUNDI', '', 1, 0, 0.00),
(54, 'Leon', 'Mwanza', '0712345678', 0, 0, 0.00),
(58, 'Maina Holding ', 'Arusha', '', 0, 0, 0.00),
(59, 'UMURAZA SUPPLY', 'RWANDA', '', 1, 0, 0.00),
(60, 'Joseph Damian', 'Tarime', '', 0, 0, 0.00),
(61, 'TECHNO LOGISTICS', 'BURUNDI', '', 1, 0, 0.00),
(62, 'WAISE CHACHA', 'BUNDA', '', 0, 0, 0.00),
(63, 'K IWACU', 'BURUNDI', '', 1, 0, 0.00),
(64, 'MARTHA LUMELEZI', 'KATORO - SENGEREMA', '', 0, 0, 0.00),
(65, 'MAMA GOD', 'Shinyanga', '', 0, 0, 0.00),
(66, 'ANDREA CHENGULA ', 'MAFINGA', '', 0, 0, 0.00),
(67, 'TECHNO LOGISTICS', '', '', 0, 0, 0.00),
(68, 'Michael Nyorobi', 'Songea', '', 0, 0, 0.00),
(69, 'SEVERIN MINJA (GINSEV)', 'SHINYANGA', '', 0, 0, 0.00),
(70, 'KALINJUNA', 'MAGANZO', '', 0, 0, 0.00),
(71, 'ROMBO STORE', 'KAHAMA', '', 0, 0, 0.00),
(72, 'EVA  KILEO', 'NZEGA', '', 0, 0, 0.00),
(75, 'WEREMA  MWITA', 'GEITA', '', 0, 0, 0.00),
(76, 'TATU  RAMADHANI', 'MUGUMU - SERENGETI', '', 0, 0, 0.00),
(77, 'RENATUS GATI MAGWEIGA', 'MUSOMA', '', 0, 0, 0.00),
(78, 'ROBERT POLEPOLE', 'KATORO', '', 0, 0, 0.00),
(79, 'AMINA MSHANA', 'MOROGORO', '', 0, 0, 0.00),
(80, 'MARIAMU SALES', 'DODOMA', '', 0, 0, 0.00),
(81, 'JOANES RUGUNGILA', 'NGARA', '', 0, 0, 0.00),
(82, 'MH.AZZA', 'TINDE ', '', 0, 0, 0.00),
(83, 'Enock Wilson', 'Tabora', '', 0, 0, 0.00),
(84, 'CHARLES UISSO', 'SINGIDA', '', 0, 0, 0.00),
(85, 'CHARLES UISSO', 'SINGIDA', '', 0, 0, 0.00),
(86, 'DRIFT WOOD BUSINESS ', 'CONGO', '', 1, 0, 0.00),
(87, 'SAMORA BEVERAGE SISTRIBUTOR', 'ARUSHA', '', 0, 0, 0.00),
(88, 'ste', '', '', 0, 0, 2000.00),
(89, 'ARUSHA BRANCH', 'ARUSHA', '', 0, 1, 2000.00),
(90, 'TIMOTHY LYIMO', 'MASUMBWE', '', 0, 0, 2000.00),
(91, 'ETS BETA', 'BUKAVU CONGO', '', 1, 0, 2000.00),
(92, 'SIMON MICHAEL MPUYA', 'MASUMBWE', '', 0, 0, 2000.00),
(93, 'LA CAVE DU QUARTIER', 'CONGO', '', 1, 0, 2000.00),
(94, 'ARUSHA BRANCH', 'ARUSHA', '', 0, 1, 2000.00);

-- --------------------------------------------------------
-- Table: products
-- --------------------------------------------------------
DROP TABLE IF EXISTS products;
CREATE TABLE products (
  id INTEGER PRIMARY KEY AUTOINCREMENT,
  name TEXT NOT NULL,
  description TEXT DEFAULT NULL,
  default_price NUMERIC(10,2) DEFAULT 0.00,
  carton_weight NUMERIC(10,2) DEFAULT 0.00
);

INSERT INTO products (id, name, description, default_price, carton_weight) VALUES
(1, 'Diamond Rock Pineapple', NULL, 42372.88, 12.50),
(2, 'Diamond Rock Gin', NULL, 30000.00, 12.50),
(3, 'Hanson''s Choice 200ml', NULL, 88000.00, 13.50),
(4, 'Hanson''s Choice  500ml', NULL, 0.00, 0.00),
(5, 'Hanson''s Choice 750ml', NULL, 108000.00, 14.50),
(6, 'Goldberg Premium Lager', NULL, 25495.55, 13.50),
(7, 'Mbogo Banana Wine ( BOX )', NULL, 13789.99, 13.50),
(8, 'Basembi', NULL, 25000.00, 13.50),
(9, 'Hanson''s Dry ', NULL, 27000.00, 13.50),
(10, 'Hanson''s Cider', NULL, 35000.00, 13.50),
(11, 'Hanson''s Lite', NULL, 37000.00, 13.50),
(12, 'Furaha', NULL, 25000.00, 12.50),
(13, 'Mbogo Banana Wine ( Crate )', NULL, 24000.00, 12.50),
(15, 'Hanson''s Vodka', NULL, 85000.00, 10.81),
(16, 'Hanson''s Lager', NULL, 26000.00, 13.50);

-- --------------------------------------------------------
-- Table: users
-- --------------------------------------------------------
DROP TABLE IF EXISTS users;
CREATE TABLE users (
  id INTEGER PRIMARY KEY AUTOINCREMENT,
  username TEXT NOT NULL UNIQUE,
  password TEXT NOT NULL,
  full_name TEXT NOT NULL,
  role TEXT NOT NULL DEFAULT 'sales_officer' CHECK (role IN ('admin', 'accountant', 'sales_officer')),
  signature_path TEXT DEFAULT NULL,
  created_at DATETIME NOT NULL DEFAULT CURRENT_TIMESTAMP
);

INSERT INTO users (id, username, password, full_name, role, signature_path, created_at) VALUES
(1, 'admin', '$2y$10$92IXUNpkjO0rOQ5byMi.Ye4oKoEa3Ro9llC/.og/at2.uheWG/igi', 'System Admin', 'admin', NULL, '2025-12-20 10:04:18'),
(4, 'Loreen', '$2y$10$refQ20BY26A2Lb/CUMslRetbtYg9MenpaXmRi/raotAsdkQXr75w2', 'Loreen Tarimo', 'accountant', NULL, '2025-12-20 15:47:12'),
(5, 'Lucy', '$2y$10$nKbxCWVaLz/mSOo54HyvL.BLbEPh82f8j2xFIO6kfr7HvjL2LcIwy', 'Lucy Kimath', 'accountant', NULL, '2025-12-20 15:48:30'),
(9, 'Director', '$2y$10$edLL9U5LjKGT1AkzBPsArebMyaisWgOoQn9jJDCnfZM4z1Ki3iF62', 'Godbless Gasper', 'admin', NULL, '2025-12-20 15:59:46');


-- --------------------------------------------------------
-- Table: requests
-- --------------------------------------------------------
DROP TABLE IF EXISTS requests;
CREATE TABLE requests (
  id INTEGER PRIMARY KEY AUTOINCREMENT,
  user_id INTEGER NOT NULL,
  customer_id INTEGER NOT NULL,
  truck_no TEXT DEFAULT NULL,
  driver_name TEXT DEFAULT NULL,
  route TEXT DEFAULT NULL,
  request_date TEXT NOT NULL,
  status TEXT NOT NULL DEFAULT 'pending' CHECK (status IN ('pending', 'approved', 'dispatched', 'rejected')),
  vat_percent NUMERIC(5,2) DEFAULT 18.00,
  created_at DATETIME NOT NULL DEFAULT CURRENT_TIMESTAMP,
  FOREIGN KEY (user_id) REFERENCES users(id),
  FOREIGN KEY (customer_id) REFERENCES customers(id)
);

INSERT INTO requests (id, user_id, customer_id, truck_no, driver_name, route, request_date, status, vat_percent, created_at) VALUES
(7, 1, 58, 'T 784 EDT/ T 767 ANW', 'Hamis Shija', 'Arusha', '2025-12-22', 'approved', 18.00, '2025-12-22 09:50:18'),
(8, 5, 52, 'T 650 EDR', 'MABULA GEORGE', 'BURUNDI', '2025-12-22', 'approved', 18.00, '2025-12-22 10:39:34'),
(9, 5, 52, 'T 653 EDR', 'MBWANA ALLY ', 'BURUNDI', '2025-12-22', 'approved', 18.00, '2025-12-22 10:41:09'),
(10, 5, 52, 'T 793 EDT', 'DAMAS SIMON', 'BURUNDI', '2025-12-20', 'approved', 18.00, '2025-12-22 10:43:23'),
(11, 5, 59, 'T 930 EDR/ 916 EDE', 'AMOS DEUS', 'RWANDA', '2025-12-22', 'approved', 18.00, '2025-12-22 13:37:54'),
(12, 5, 5, 'T 177EDS', 'SYLIVESTER MAGANGA', 'SHINYANGA', '2025-12-23', 'approved', 18.00, '2025-12-23 06:10:11'),
(13, 5, 45, 'T 177EDS', 'SYLIVESTER MAGANGA', 'SHINYANGA', '2025-12-23', 'approved', 18.00, '2025-12-23 06:12:45'),
(14, 5, 5, 'T 177EDS', 'SYLIVESTER MAGANGA', 'SHINYANGA', '2025-12-23', 'approved', 18.00, '2025-12-23 06:15:44'),
(15, 5, 60, 'T 654BKB', 'FRANCISI KIJAZI', 'Tarime', '2025-12-23', 'approved', 18.00, '2025-12-23 07:35:18'),
(16, 5, 30, 'T 774EDT', 'RAMADHAN SAID', 'MBEYA', '2025-12-23', 'approved', 18.00, '2025-12-23 07:36:54'),
(17, 5, 41, 'T 914 EDP', 'GODSON MPURU', 'MOSHI', '2025-12-23', 'approved', 18.00, '2025-12-23 11:30:06'),
(18, 5, 14, 'T 439 CSQ', 'RAMADHAN NYAGA', 'MWANZA', '2025-12-23', 'approved', 18.00, '2025-12-23 13:44:35'),
(20, 5, 45, 'T 177EDS', 'SYLIVESTER MAGANGA', 'SHINYANGA', '2025-12-24', 'approved', 18.00, '2025-12-24 07:10:58'),
(21, 5, 16, 'T 776EDT', 'DAUD MATHIAS', 'DODOMA', '2025-12-24', 'approved', 18.00, '2025-12-24 07:13:22'),
(22, 5, 16, 'T 776EDT', 'DAUD MATHIAS', 'DODOMA', '2025-12-24', 'approved', 18.00, '2025-12-24 07:14:21'),
(23, 5, 62, 'T 461CQP', 'DOTTO DOGANI', 'BUNDA', '2025-12-24', 'approved', 18.00, '2025-12-24 09:38:14'),
(24, 5, 62, 'T 461CQP', 'DOTTO DOGANI', 'BUNDA', '2025-12-24', 'approved', 18.00, '2025-12-24 09:38:53'),
(25, 5, 48, 'T 585 DUV', 'MASANJA ZWEYES', 'KAHAMA', '2025-12-24', 'approved', 18.00, '2025-12-24 10:02:24'),
(26, 5, 48, 'T 585 DUV', 'MASANJA ZWEYES', 'KAHAMA', '2025-12-24', 'approved', 18.00, '2025-12-24 10:03:10'),
(27, 5, 58, 'T 799EDT', 'DONALD MHUGE', 'Arusha', '2025-12-24', 'approved', 18.00, '2025-12-24 11:13:04'),
(28, 5, 46, 'T 654BKB', 'FRANCISI KIJAZI', 'KAHAMA', '2025-12-27', 'approved', 18.00, '2025-12-27 07:46:11'),
(29, 5, 46, 'T 654BKB', 'FRANCISI KIJAZI', 'KAHAMA', '2025-12-27', 'approved', 18.00, '2025-12-27 07:46:11'),
(30, 5, 46, 'T 654BKB', 'FRANCISI KIJAZI', 'KAHAMA', '2025-12-26', 'approved', 18.00, '2025-12-27 07:47:13'),
(31, 5, 45, 'T 177EDS', 'SYLIVESTER MAGANGA', 'SHINYANGA', '2025-12-29', 'approved', 18.00, '2025-12-29 06:46:21'),
(32, 5, 45, 'T 585 DUV', 'MASANJA ZWEYES', 'SHINYANGA', '2025-12-29', 'approved', 18.00, '2025-12-29 06:54:53'),
(33, 5, 50, 'T 409 CSQ', 'RAMADHAN NYAGA', 'BUKOBA', '2025-12-30', 'approved', 18.00, '2025-12-30 10:32:01'),
(34, 5, 50, 'T 409 CSQ', 'RAMADHAN NYAGA', 'BUKOBA', '2025-12-30', 'approved', 18.00, '2025-12-30 10:33:08'),
(35, 5, 14, 'T 653 EDR', 'MBWANA ALLY ', 'MWANZA', '2025-12-30', 'approved', 18.00, '2025-12-30 10:58:36'),
(36, 5, 63, 'T 655 EDR', 'MBWANA ALLY', 'RWANDA', '2025-12-30', 'approved', 18.00, '2025-12-30 13:02:09'),
(37, 5, 45, 'T 177EDS', 'SYLIVESTER MAGANGA', 'SHINYANGA', '2026-01-05', 'approved', 18.00, '2026-01-05 06:11:28'),
(39, 5, 64, 'T 722 EDR', 'BRIAN MUSHI', 'KATORO - SENGEREMA', '2026-01-05', 'approved', 18.00, '2026-01-05 07:24:07'),
(40, 5, 64, 'T 722 EDR', 'BRIAN MUSHI', 'KATORO - SENGEREMA', '2026-01-05', 'approved', 18.00, '2026-01-05 07:26:05'),
(41, 5, 64, 'T 722 EDR', 'BRIAN MUSHI', 'KATORO - SENGEREMA', '2026-01-05', 'approved', 18.00, '2026-01-05 07:31:34'),
(42, 5, 39, 'T 770EDU', 'ZAKARIA JILALA', 'DAR ES SALAAM', '2026-01-05', 'approved', 18.00, '2026-01-05 08:17:21'),
(43, 5, 65, 'T 585 DUV', 'ZWEYES MASANJA', 'Shinyanga', '2026-01-05', 'approved', 18.00, '2026-01-05 08:45:07'),
(44, 5, 66, 'T 439 CSQ', 'RAMADHAN NYAGA', 'MAFINGA', '2026-01-05', 'approved', 18.00, '2026-01-05 08:51:35'),
(45, 5, 66, 'T 770EDU', 'ZA', 'MAFINGA', '2026-01-05', 'approved', 18.00, '2026-01-05 10:14:06'),
(46, 1, 67, 'T 658 EDR', 'EDWARD CHARLES', '', '2025-12-23', 'approved', 18.00, '2026-01-06 05:31:21'),
(47, 5, 68, 'T 585 DUV', 'ZWEYES MASANJA', 'Songea', '2026-01-06', 'approved', 18.00, '2026-01-06 06:23:47'),
(48, 1, 39, 'T 769 EDU', 'YUSUPH GEGGO', 'DAR ES SALAAM', '2026-01-06', 'approved', 18.00, '2026-01-06 10:59:13'),
(49, 5, 68, 'T 585 DUV', 'ZWEYES MASANJA', 'Songea', '2026-01-07', 'approved', 18.00, '2026-01-07 06:02:48'),
(50, 5, 7, 'T 653 EDR', 'S. NDEGEREKE', 'DAR ES SALAAM', '2026-01-07', 'approved', 18.00, '2026-01-08 06:21:15'),
(51, 5, 69, 'T 177 EDS', 'S. MAGANGA', 'SHINYANGA', '2026-01-07', 'approved', 18.00, '2026-01-08 06:23:53'),
(52, 5, 69, 'T 177 EDS', 'S. MAGANGA', 'SHINYANGA', '2026-01-07', 'approved', 18.00, '2026-01-08 06:25:53'),
(54, 5, 44, 'T 615 DLW', 'HEMEDI KACHENJE BAKARI', 'BABATI', '2026-01-08', 'approved', 18.00, '2026-01-08 07:13:17'),
(55, 5, 64, 'T 654BKB', 'FRANCISI KIJAZI', 'KATORO - SENGEREMA', '2025-12-19', 'approved', 18.00, '2026-01-08 07:21:32'),
(56, 5, 64, 'T 654BKB', 'FRANCISI KIJAZI', 'KATORO - SENGEREMA', '2025-12-19', 'approved', 18.00, '2026-01-08 07:23:23'),
(57, 1, 70, 'T 654 BKB', 'F. KIJAZI', 'MAGANZO', '2026-01-09', 'approved', 18.00, '2026-01-09 13:28:34'),
(58, 5, 70, 'T 654 BKB', 'F. KIJAZI', 'MAGANZO', '2026-01-09', 'approved', 18.00, '2026-01-09 13:33:41'),
(59, 5, 30, 'T 930 EDR/ 916 EDE', 'AMOS DEUS', 'MBEYA', '2026-01-10', 'approved', 18.00, '2026-01-10 09:11:28'),
(60, 5, 30, 'T 930 EDR/ 916 EDE', 'AMOS DEUS', 'MBEYA', '2026-01-10', 'approved', 18.00, '2026-01-10 14:32:15'),
(61, 5, 14, 'T 439CSQ', 'RAMADHAN NYAGA', 'MWANZA', '2026-01-13', 'approved', 18.00, '2026-01-13 07:58:39'),
(62, 5, 5, 'T 722EDT', 'ASANTERABI LEMA', 'SHINYANGA', '2026-01-13', 'approved', 18.00, '2026-01-13 09:24:48'),
(63, 5, 52, 'T 658 EDR', 'EDWAR', 'BURUNDI', '2026-01-13', 'approved', 18.00, '2026-01-13 09:59:25'),
(64, 5, 52, 'T 307EDU', 'ALLY MALALE', 'BURUNDI', '2026-01-13', 'approved', 18.00, '2026-01-13 10:01:23'),
(65, 4, 71, 'T 654 BKB', 'FRANCISI KIJAZI', 'KAHAMA', '2026-01-13', 'approved', 18.00, '2026-01-13 11:08:03'),
(66, 4, 46, 'T 585 DUV', 'ZWIYES MASANJA', 'KAHAMA', '2026-01-14', 'approved', 18.00, '2026-01-14 08:37:51'),
(67, 4, 46, 'T 585 DUV', 'ZWIYES MASANJA', 'KAHAMA', '2026-01-14', 'approved', 18.00, '2026-01-14 08:46:10'),
(69, 4, 45, 'T 177EDS', 'SILVESTER MAGANGA', 'SHINYANGA', '2026-01-15', 'approved', 18.00, '2026-01-15 06:31:10'),
(70, 4, 72, 'T 654 BKB', 'FRANCISI KIJAZI', 'NZEGA', '2026-01-15', 'approved', 18.00, '2026-01-15 10:20:19'),
(71, 1, 70, 'T 461CQP', 'JACOB  MINJA', 'MAGANZO', '2026-01-15', 'approved', 18.00, '2026-01-15 10:24:57'),
(72, 5, 65, 'T 270EDD', 'FREDY KILEO', 'Shinyanga', '2026-01-17', 'approved', 18.00, '2026-01-17 07:30:14'),
(73, 5, 59, 'T 930 EDR ', 'AMOS DEUS', 'RWANDA', '2026-01-17', 'approved', 18.00, '2026-01-17 14:09:12'),
(74, 4, 75, 'T 654BKB', 'FRANCIS  KIJAZI', 'GEITA', '2026-01-19', 'approved', 18.00, '2026-01-19 08:56:13'),
(75, 4, 75, 'T 654BKB', 'FRANCIS  KIJAZI', 'GEITA', '2026-01-19', 'approved', 18.00, '2026-01-19 08:58:59'),
(77, 4, 76, 'T 722EDR', 'BRIAN  MUSHI', 'TABORA', '2026-01-19', 'approved', 18.00, '2026-01-19 09:33:51'),
(78, 4, 76, 'T 722EDR', 'BRIAN  MUSHI', 'TABORA', '2026-01-19', 'approved', 18.00, '2026-01-19 09:34:47'),
(79, 4, 64, 'T 585DUV', 'ZWIYES  MASANJA', 'SIRARI', '2026-01-19', 'approved', 18.00, '2026-01-19 09:42:08'),
(80, 4, 64, 'T 585DUV', 'ZWIYESS MASANJA', 'SIRARI', '2026-01-19', 'approved', 18.00, '2026-01-19 09:43:20'),
(81, 4, 64, 'T 585DUV', 'ZWIYESS MASANJA', 'SIRARI', '2026-01-19', 'approved', 18.00, '2026-01-19 09:44:38'),
(82, 4, 50, 'T 654BKB', 'FRANCIS  KIJAZI', 'BUKOBA', '2026-01-21', 'approved', 18.00, '2026-01-21 10:53:04'),
(83, 4, 50, 'T 654BKB', 'FRANCIS  KIJAZI', 'BUKOBA', '2026-01-21', 'approved', 18.00, '2026-01-21 10:54:09'),
(84, 5, 30, 'T 650EDR', 'MABULA GEORGE', 'DAR', '2026-01-22', 'approved', 18.00, '2026-01-22 07:49:08'),
(85, 4, 71, 'T 461CQP', 'ASANTERABI LEMA', 'KAHAMA', '2026-01-22', 'approved', 18.00, '2026-01-22 09:21:06'),
(86, 5, 41, 'T 813 EDT ', 'AHMED MOHAMED', 'MOSHI', '2026-01-23', 'approved', 18.00, '2026-01-23 06:58:50'),
(87, 4, 77, 'T 439CSQ', 'RAMADHAN NYAGA', 'MUSOMA', '2026-01-23', 'approved', 18.00, '2026-01-23 07:39:31'),
(88, 4, 28, 'T 585DUV', 'ZWIYESS MASANJA', 'BUKOBA', '2026-01-23', 'approved', 18.00, '2026-01-23 13:49:51'),
(89, 4, 28, 'T 585DUV', 'ZWIYESS MASANJA', 'BUKOBA', '2026-01-23', 'approved', 18.00, '2026-01-23 13:50:37'),
(90, 4, 43, 'T 177 EDS', 'S. MAGANGA', 'SHINYANGA', '2026-01-24', 'approved', 18.00, '2026-01-24 06:58:34'),
(91, 5, 9, 'T 914EDP', 'GODSON MFURU', 'TANGA MJINI', '2026-01-27', 'approved', 18.00, '2026-01-27 05:57:15'),
(92, 5, 45, 'T 177 EDS', 'SYLIVESTER MAGANGA', 'SHINYANGA', '2026-01-27', 'approved', 18.00, '2026-01-27 06:00:26'),
(95, 4, 76, 'T 722EDR', 'BRIAN  MUSHI', 'MUGUMU - SERENGETI', '2026-01-27', 'approved', 18.00, '2026-01-27 06:20:56'),
(96, 4, 78, 'T 585DUV', 'ZWIYESS MASANJA', 'KATORO', '2026-01-27', 'approved', 18.00, '2026-01-27 12:54:12'),
(97, 4, 78, 'T 585DUV', 'ZWIYESS MASANJA', 'KATORO', '2026-01-27', 'approved', 18.00, '2026-01-27 12:55:50'),
(98, 4, 64, 'T 585DUV', 'ZWIYESS MASANJA', 'KATORO - SENGEREMA', '2026-01-27', 'approved', 18.00, '2026-01-27 12:58:21'),
(99, 4, 64, 'T 585DUV', 'ZWIYESS MASANJA', 'KATORO - SENGEREMA', '2026-01-27', 'approved', 18.00, '2026-01-27 12:59:18'),
(100, 5, 79, 'T 784EDT', 'HAMIS SHIJA', 'MOROGORO', '2026-01-28', 'approved', 18.00, '2026-01-28 09:43:24'),
(101, 4, 7, 'T 770EDU', 'ZAKARIA   JILALA', 'DAR ES SALAAM', '2026-01-29', 'approved', 18.00, '2026-01-29 07:46:08'),
(102, 4, 80, 'T 770EDU', 'ZAKARIA  JILALA', 'DODOMA', '2026-01-29', 'approved', 18.00, '2026-01-29 08:07:12'),
(103, 4, 65, 'T 461CQP', 'ASANTERABI  LEMA', 'Shinyanga', '2026-01-30', 'approved', 18.00, '2026-01-30 06:43:24'),
(104, 4, 16, 'T 767EDU', 'EMMANUEL TITO', 'DODOMA', '2026-01-30', 'approved', 18.00, '2026-01-30 10:07:41'),
(105, 5, 81, 'T 439CSQ', 'RAMADHAN NYAGA', 'NGARA', '2026-01-31', 'approved', 18.00, '2026-01-31 10:08:23'),
(106, 5, 81, 'T 439CSQ', 'RAMADHAN NYAGA', 'NGARA', '2026-01-31', 'approved', 18.00, '2026-01-31 10:09:45'),
(107, 5, 82, 'T 765EDU', 'MATIMWA', 'TINDE ', '2026-02-01', 'approved', 18.00, '2026-02-02 06:06:40'),
(108, 5, 83, 'T 461CQP', 'ASANTERABI LEMA', 'Tabora', '2026-02-02', 'approved', 18.00, '2026-02-02 08:56:04'),
(109, 4, 45, 'T 177 EDS', 'S. MAGANGA', 'SHINYANGA', '2026-02-03', 'approved', 18.00, '2026-02-03 06:12:25'),
(110, 5, 14, 'T 585DUV', 'MASANJA', 'MWANZA', '2026-02-03', 'approved', 18.00, '2026-02-03 06:59:40'),
(111, 5, 14, 'T 585DUV', 'MASANJA', 'MWANZA', '2026-02-03', 'approved', 18.00, '2026-02-03 07:02:43'),
(112, 5, 14, 'T 652EDR', 'MASAI NDALAWHA', 'MWANZA', '2026-02-05', 'approved', 18.00, '2026-02-04 09:03:41'),
(113, 5, 14, 'T 653EDR', 'SHADRACK NDEGELEKE', 'MWANZA', '2026-02-04', 'approved', 18.00, '2026-02-04 09:07:21'),
(114, 5, 84, 'T 722EDR', 'BRIAN MUSHI', 'SINGIDA', '2026-02-04', 'approved', 18.00, '2026-02-04 09:29:50'),
(115, 4, 46, 'T 461CQP', 'ASANTERABI LEMA', 'KAHAMA', '2026-02-04', 'pending', 18.00, '2026-02-04 10:36:36'),
(116, 4, 46, 'T 461CQP', 'ASANTERABI LEMA', 'KAHAMA', '2026-02-04', 'pending', 18.00, '2026-02-04 10:37:10'),
(117, 5, 45, 'T 177 EDS', 'SYLIVESTER MAGANGA', 'SHINYANGA', '2026-02-05', 'approved', 18.00, '2026-02-05 05:59:04'),
(118, 5, 48, 'T 585DUV', 'ZWEYES MASANJA ', 'KAHAMA', '2026-02-05', 'approved', 18.00, '2026-02-05 07:15:15'),
(119, 5, 48, 'T 585DUV', 'ZWEYES MASANJA', 'KAHAMA', '2026-02-05', 'approved', 18.00, '2026-02-05 07:17:22'),
(120, 5, 5, 'T 813EDT', 'AHMED MOHAMED', 'MBEYA', '2026-02-05', 'approved', 18.00, '2026-02-05 07:25:40'),
(121, 5, 45, 'T 177 EDS', 'SYLIVESTER MAGANGA', 'DIDIA - NZEGA - IGUNGA', '2026-02-06', 'approved', 18.00, '2026-02-06 06:16:32'),
(122, 5, 45, 'T 177 EDS', 'SYLIVESTER MAGANGA', 'DIDIA-NZEGA-IGUNGA', '2026-02-05', 'approved', 18.00, '2026-02-06 06:18:33'),
(125, 4, 64, 'T 585DUV', 'ZWIYESS MASANJA', 'KATORO - SENGEREMA', '2026-02-06', 'approved', 18.00, '2026-02-06 06:33:17'),
(126, 4, 64, 'T 585DUV', 'ZWIYESS MASANJA', 'KATORO - SENGEREMA', '2026-02-06', 'approved', 18.00, '2026-02-06 06:37:36'),
(127, 4, 39, 'T 769EDU/553ANP', 'YUSUPH GEGO', 'DAR ES SALAAM', '2026-02-06', 'approved', 18.00, '2026-02-06 07:37:45'),
(128, 5, 30, 'T 769 EDU/ 553 ANP', 'YUSUPH GEGGO', 'DAR ES SALAAM', '2026-02-05', 'approved', 18.00, '2026-02-06 07:45:06'),
(129, 5, 7, 'T 778 EDT', 'BIDA JILALA', 'DAR ES SALAAM', '2026-02-05', 'approved', 18.00, '2026-02-06 07:46:57'),
(130, 5, 39, 'T 769EDU', 'YUSUPH GEGO', 'DAR ES SALAAM', '2026-02-06', 'approved', 18.00, '2026-02-06 08:04:38'),
(131, 5, 7, 'T 778 EDT', 'BIDA JILALA', 'DAR ES SALAAM', '2026-02-06', 'approved', 18.00, '2026-02-06 08:05:50'),
(132, 5, 39, 'T 778 EDT', 'BIDA JILALA', 'DAR ES SALAAM', '2026-02-06', 'approved', 18.00, '2026-02-06 08:07:27'),
(133, 5, 30, 'T 769EDU', 'YUSUPH GEGO', 'DAR ES SALAAM', '2026-02-06', 'approved', 18.00, '2026-02-06 08:08:45'),
(135, 4, 59, 'T 793EDT', 'DAMAS  MAHENE', 'RWANDA', '2026-02-07', 'pending', 18.00, '2026-02-07 10:55:10'),
(136, 5, 44, 'T 635ENP', 'DANIEL JULIUS', 'BABATI', '2026-02-09', 'approved', 18.00, '2026-02-09 06:30:35'),
(137, 5, 52, 'T 307EDU', 'ALLY MALALE', 'BURUNDI', '2026-02-09', 'approved', 18.00, '2026-02-09 06:57:46'),
(138, 5, 61, 'T 658EDR', 'EDWARD CHARLES', 'BURUNDI', '2026-02-09', 'approved', 18.00, '2026-02-09 07:09:19'),
(139, 4, 7, 'T 655EDR', 'MBWANA ALLY', 'DAR ES SALAAM', '2026-02-10', 'approved', 18.00, '2026-02-10 08:14:48'),
(140, 4, 7, 'T 655EDR', 'MBWANA ALLY', 'DAR ES SALAAM', '2026-02-10', 'approved', 18.00, '2026-02-10 08:16:47'),
(141, 5, 86, 'T 652EDR', 'MASAI NDALAHWA', 'CONGO', '2026-02-10', 'approved', 18.00, '2026-02-10 09:19:31'),
(142, 5, 30, 'T 930EDR/T 916EDE', 'AMOS DEUS', 'MBEYA', '2026-02-11', 'approved', 18.00, '2026-02-11 06:46:38'),
(143, 5, 30, 'T 653EDR', 'SHADRACK NDEGELEKE', 'DAR ES SALAAM', '2026-02-12', 'approved', 18.00, '2026-02-12 07:14:02'),
(144, 5, 59, 'T 793EDT', 'DAMAS SIMON', 'RWANDA', '2026-02-12', 'approved', 18.00, '2026-02-12 07:15:20'),
(145, 5, 59, 'T 650EDR', 'MABULA GEORGE', 'RWANDA', '2026-02-12', 'approved', 18.00, '2026-02-12 10:51:54'),
(146, 5, 45, 'T 177 EDS', 'SYLIVESTER MAGANGA', 'SHINYANGA', '2026-02-14', 'approved', 18.00, '2026-02-14 06:18:14'),
(147, 5, 59, 'T 793EDT', 'DAMAS SIMON', 'RWANDA', '2026-02-17', 'approved', 18.00, '2026-02-17 10:38:13'),
(148, 5, 63, 'T 307EDU', 'ALLY MALALE', 'BURUNDI', '2026-02-17', 'approved', 18.00, '2026-02-17 10:41:37'),
(149, 5, 59, 'T 930EDR/T 916EDE', 'AMOS DEUS', 'RWANDA', '2026-02-19', 'approved', 18.00, '2026-02-19 07:24:25'),
(150, 4, 46, 'T 585DUV', 'ZWIYESS MASANJA', 'KAHAMA', '2026-02-19', 'approved', 18.00, '2026-02-19 07:37:37'),
(151, 4, 46, 'T 585DUV', 'ZWIYESS MASANJA', 'KAHAMA', '2026-02-19', 'pending', 18.00, '2026-02-19 07:41:02'),
(152, 4, 5, 'T 585DUV', 'ZWIYESS MASANJA', 'MBEYA', '2026-02-20', 'approved', 18.00, '2026-02-19 09:23:55'),
(153, 4, 5, 'T 461CQP', 'ASANTERABI LEMA', 'GEITA', '2026-02-19', 'approved', 18.00, '2026-02-19 09:25:27'),
(154, 4, 5, 'T 461CQP', 'ASANTERABI LEMA', 'GEITA', '2026-02-19', 'approved', 18.00, '2026-02-19 09:26:34'),
(155, 4, 7, 'T 653EDR/752ANW', 'SHADRACK NDEGERKE', 'DAR ES SALAAM', '2026-02-20', 'approved', 18.00, '2026-02-20 08:12:05'),
(156, 4, 39, 'T 653EDR', 'SHADRACK NDEGEREKE', 'DAR ES SALAAM', '2026-02-20', 'approved', 18.00, '2026-02-20 08:13:05'),
(157, 4, 81, 'T 722EDR', 'DOTTO DOGANI', 'NGARA', '2026-02-20', 'approved', 18.00, '2026-02-20 09:47:56'),
(158, 4, 81, 'T 722EDR', 'DOTTO DOGANI', 'NGARA', '2026-02-20', 'approved', 18.00, '2026-02-20 09:49:37'),
(159, 4, 87, 'T 813EDT', 'AHMED MOHAMED', 'ARUSHA', '2026-02-20', 'approved', 18.00, '2026-02-20 13:19:18'),
(160, 4, 70, 'T 419BFT', 'JACOB MINJA', 'MAGANZO', '2026-02-21', 'approved', 18.00, '2026-02-21 09:55:13'),
(161, 4, 70, 'T 419BFT', 'JACOB MINJA', 'MAGANZO', '2026-02-21', 'approved', 18.00, '2026-02-21 09:56:42'),
(162, 5, 86, 'T 655 EDR', 'MBWANA ALLY', 'CONGO', '2026-02-23', 'approved', 18.00, '2026-02-23 07:11:12'),
(163, 4, 65, 'T 654BKB', 'FRANCIS  KIJAZI', 'Shinyanga', '2026-02-23', 'approved', 18.00, '2026-02-24 06:39:13'),
(164, 4, 65, 'T 419BFT', 'JACOB MINJA', 'Shinyanga', '2026-02-25', 'approved', 18.00, '2026-02-25 08:39:15'),
(165, 4, 48, 'T 439CSQ', 'RAMADHAN NYAGA', 'KAHAMA', '2026-02-25', 'approved', 18.00, '2026-02-25 09:17:43'),
(166, 4, 46, 'T 439CSQ', 'RAMADHAN NYAGA', 'KAHAMA', '2026-02-25', 'approved', 18.00, '2026-02-25 13:13:56'),
(167, 4, 14, 'T 652EDR', 'MASAI NDALAHWA', 'MWANZA', '2026-02-26', 'approved', 18.00, '2026-02-26 07:02:08'),
(168, 1, 45, 'T 177 EDS', 'SYLVESTER MAGANGA', 'SHINYANGA', '2026-02-27', 'approved', 18.00, '2026-02-28 06:36:27'),
(169, 5, 15, '', 'SYLIVESTER MAGANGA', 'KIJITONYAMA BRANCH-DAR', '2026-02-28', 'pending', 18.00, '2026-02-28 08:22:00'),
(170, 5, 15, '', 'SYLIVESTER MAGANGA', 'KIJITONYAMA BRANCH-DAR', '2026-02-28', 'pending', 18.00, '2026-02-28 08:22:00'),
(171, 5, 15, '', 'SYLIVESTER MAGANGA', 'KIJITONYAMA BRANCH-DAR', '2026-02-28', 'pending', 18.00, '2026-02-28 08:22:00'),
(172, 5, 45, '', 'SYLIVESTER MAGANGA', 'SHINYANGA', '2026-02-28', 'pending', 18.00, '2026-02-28 08:33:09'),
(173, 5, 45, 'T 177 EDS', 'SYLIVESTER MAGANGA', 'SHINYANGA', '2026-02-28', 'approved', 18.00, '2026-02-28 10:52:26'),
(174, 5, 45, 'T 177 EDS', 'SYLIVESTER MAGANGA', 'SHINYANGA', '2026-02-28', 'approved', 18.00, '2026-02-28 10:54:18'),
(175, 4, 48, 'T 722EDR', 'BRIAN  MUSHI', 'KAHAMA', '2026-03-02', 'approved', 18.00, '2026-03-02 11:43:36'),
(176, 4, 48, 'T 722EDR', 'BRIAN  MUSHI', 'KAHAMA', '2026-03-02', 'approved', 18.00, '2026-03-02 11:44:42'),
(177, 5, 30, 'T 930EDR/T 916EDE', 'AMOS DEUS', 'MBEYA', '2026-03-04', 'pending', 18.00, '2026-03-04 08:11:39'),
(178, 5, 58, 'T 793EDT', 'DAMAS SIMON', 'Arusha', '2026-03-04', 'approved', 18.00, '2026-03-04 10:31:37'),
(179, 5, 6, 'T 652EDR', 'MASAI NDALAWHA', 'ARUSHA', '2026-03-03', 'pending', 18.00, '2026-03-05 09:44:33'),
(180, 5, 89, 'T 652EDR', 'MASAI NDALAWHA', 'ARUSHA', '2026-03-05', 'approved', 18.00, '2026-03-05 09:46:47'),
(181, 5, 65, 'T 742CAB', 'TIMOTH/KHAMIS', 'Shinyanga', '2026-03-05', 'approved', 18.00, '2026-03-05 09:48:42'),
(182, 5, 76, 'T 654 BKB', 'FRANCIS KIJAZI', 'MUGUMU - SERENGETI', '2026-03-10', 'approved', 18.00, '2026-03-10 12:20:12'),
(183, 5, 89, 'T 652EDR', 'MASAI NDALAWHA', 'ARUSHA', '2026-03-10', 'approved', 18.00, '2026-03-10 12:21:05'),
(184, 5, 68, 'T 585DUV', 'ZWEYES MASANJA ', 'Songea', '2026-03-10', 'approved', 18.00, '2026-03-10 12:21:58'),
(185, 5, 76, 'T 654 BKB', 'FRANCIS KIJAZI', 'MUSOMA', '2026-03-10', 'approved', 18.00, '2026-03-10 12:30:32'),
(186, 5, 68, 'T 585DUV', 'ZWEYES MASANJA ', 'Songea', '2026-03-10', 'approved', 18.00, '2026-03-10 14:29:28'),
(187, 5, 90, 'T 722EDR', 'BRIAN MUSHI', 'MASUMBWE', '2026-03-10', 'approved', 18.00, '2026-03-10 14:33:04'),
(188, 5, 76, 'T 654 BKB', 'FRANCIS KIJAZI', 'MUSOMA', '2026-03-10', 'approved', 18.00, '2026-03-10 14:34:14'),
(189, 5, 68, 'T 585DUV', 'ZWEYES MASANJA ', 'Songea', '2026-03-10', 'approved', 18.00, '2026-03-10 14:37:22'),
(191, 4, 83, 'T 461CQP', 'DOTTO DOGANI', 'Tabora', '2026-03-11', 'approved', 18.00, '2026-03-11 06:40:08'),
(192, 5, 65, 'T 742CAB', 'timothy', 'Shinyanga', '2026-03-05', 'approved', 18.00, '2026-03-11 08:46:08'),
(193, 5, 91, 'T 793EDT', 'AHMED MOHAMED', 'BUKAVU CONGO', '2026-03-12', 'approved', 18.00, '2026-03-12 09:45:08'),
(194, 5, 16, 'T 658EDR', 'EDWARD CHARLES', 'DODOMA', '2026-03-12', 'approved', 18.00, '2026-03-12 10:01:41'),
(195, 4, 45, 'T 177 EDS', 'S. MAGANGA', 'SHINYANGA', '2026-03-13', 'pending', 18.00, '2026-03-13 06:20:28'),
(196, 4, 45, 'T 177 EDS', 'S. MAGANGA', 'SHINYANGA', '2026-03-13', 'approved', 18.00, '2026-03-13 06:22:28'),
(198, 4, 64, 'T 461CQP', 'DOTTO DOGANI', 'KATORO - SENGEREMA', '2026-03-13', 'approved', 18.00, '2026-03-13 08:59:10'),
(199, 4, 64, 'T 461CQP', 'DOTTO DOGANI', 'KATORO - SENGEREMA', '2026-03-13', 'approved', 18.00, '2026-03-13 09:00:12'),
(200, 4, 45, 'T 722EDR', 'BRIAN  MUSHI', 'TABORA - KALIUWA', '2026-03-16', 'approved', 18.00, '2026-03-16 06:16:56'),
(201, 4, 45, 'T 722EDR', 'BRIAN  MUSHI', 'TABORA - KALIUWA', '2026-03-16', 'approved', 18.00, '2026-03-16 06:18:53'),
(202, 5, 59, 'T 793EDT', 'DAMAS SIMON', 'RWANDA', '2026-03-17', 'approved', 18.00, '2026-03-17 11:04:39'),
(203, 5, 59, 'T 793EDT', 'DAMAS SIMON', 'RWANDA', '2026-03-17', 'approved', 18.00, '2026-03-17 11:05:40'),
(204, 4, 90, 'T 654BKB', 'FRANCIS  KIJAZI', 'KAHAMA', '2026-03-18', 'approved', 18.00, '2026-03-18 06:09:13'),
(205, 4, 90, 'T 654BKB', 'FRANCIS  KIJAZI', 'KAHAMA', '2026-03-18', 'approved', 18.00, '2026-03-18 06:10:47'),
(206, 4, 45, 'T 722EDR', 'DOTTO  DOGANI', 'SHINYANGA', '2026-03-19', 'approved', 18.00, '2026-03-19 08:56:46'),
(207, 5, 48, 'T 439CSQ', 'RAMADHAN NYAGA', 'KAHAMA', '2026-03-19', 'approved', 18.00, '2026-03-19 13:56:07'),
(208, 5, 14, 'T 653EDR', 'SHADRACK NDEGELEKE', 'MWANZA', '2026-03-20', 'approved', 18.00, '2026-03-20 13:26:51'),
(209, 5, 45, 'T 585DUV', 'ZWEYES MASANJA ', 'KALIUA', '2026-04-01', 'approved', 18.00, '2026-04-01 07:34:32'),
(210, 5, 45, 'T 585DUV', 'ZWEYES MASANJA ', 'SHINYANGA', '2026-04-01', 'approved', 18.00, '2026-04-01 07:35:20'),
(211, 5, 65, 'T 846BGW', 'FREDY KIRENGA', 'Shinyanga', '2026-04-01', 'approved', 18.00, '2026-04-01 07:36:55'),
(212, 5, 30, 'T 930EDR/T 916EDE', 'AMOS DEUS', 'MBEYA', '2026-03-31', 'approved', 18.00, '2026-04-01 07:37:43'),
(213, 5, 45, 'T 585DUV', 'ZWEYES MASANJA ', 'SHINYANGA', '2026-04-02', 'approved', 18.00, '2026-04-02 06:54:49'),
(214, 5, 45, 'T 585DUV', 'ZWEYES MASANJA ', 'SHINYANGA', '2026-04-02', 'approved', 18.00, '2026-04-02 06:56:27'),
(215, 5, 92, 'T 964 BDU', 'DOTTO  DOGANI', 'MASUMBWE', '2026-04-02', 'approved', 18.00, '2026-04-02 08:09:49'),
(216, 5, 92, 'T 964 BDU', 'DOTTO  DOGANI', 'MASUMBWE', '2026-04-02', 'approved', 18.00, '2026-04-02 08:11:40'),
(217, 5, 90, 'T 654 BKB', 'FRANCIS KIJAZI', 'MWAKITORIO- MASUMBWE', '2026-04-04', 'approved', 18.00, '2026-04-04 06:19:27'),
(218, 5, 90, 'T 654 BKB', 'FRANCIS KIJAZI', 'MWAKITORIO - MASUMBWE', '2026-04-04', 'approved', 18.00, '2026-04-04 06:23:04'),
(219, 5, 16, 'T 784EDT', 'HAMIS SHIJA', 'DODOMA', '2026-04-04', 'approved', 18.00, '2026-04-04 07:59:51'),
(220, 5, 15, 'T 784EDT', 'HAMIS SHIJA', 'KIJITONYAMA BRANCH-DAR', '2026-04-04', 'approved', 18.00, '2026-04-04 08:00:49'),
(221, 5, 7, 'T 784EDT', 'HAMIS SHIJA', 'DAR ES SALAAM', '2026-04-04', 'pending', 18.00, '2026-04-04 08:03:11'),
(222, 5, 7, 'T 784EDT', 'HAMIS SHIJA', 'DAR ES SALAAM', '2026-04-04', 'approved', 18.00, '2026-04-04 08:03:11'),
(223, 5, 65, 'T 846BGW', 'FREDY KIRENGA', 'Shinyanga', '2026-04-04', 'approved', 18.00, '2026-04-04 11:42:13'),
(224, 5, 89, 'T 778 EDT', 'BIDA JILALA', 'ARUSHA', '2026-04-04', 'approved', 18.00, '2026-04-04 11:58:43'),
(225, 5, 58, 'T 778 EDT', 'BIDA JILALA', 'Arusha', '2026-04-04', 'approved', 18.00, '2026-04-04 11:59:30'),
(226, 5, 41, 'T 778 EDT', 'BIDA JILALA', 'MOSHI', '2026-04-04', 'approved', 18.00, '2026-04-04 12:00:39'),
(227, 5, 91, 'T 658EDR', 'EDWARD CHARLES', 'BUKAVU CONGO', '2026-04-04', 'approved', 18.00, '2026-04-04 12:14:00'),
(228, 5, 45, 'T 177 EDS', 'SYLIVESTER MAGANGA', 'SHINYANGA', '2026-04-08', 'approved', 18.00, '2026-04-08 05:57:29'),
(229, 5, 14, 'T 585DUV', 'ZWEYES MASANJA ', 'MWANZA', '2026-04-08', 'approved', 18.00, '2026-04-08 06:41:40'),
(230, 5, 76, 'T 461CQP', 'DOTTO  DOGANI', 'MUSOMA', '2026-04-10', 'approved', 18.00, '2026-04-10 06:38:06'),
(231, 5, 76, 'T 461CQP', 'DOTTO  DOGANI', 'MARA', '2026-04-09', 'approved', 18.00, '2026-04-10 06:49:26'),
(232, 5, 76, 'T 461CQP', 'DOTTO  DOGANI', 'MUGUMU - SERENGETI', '2026-04-09', 'approved', 18.00, '2026-04-10 06:50:08'),
(233, 5, 64, 'T 585DUV', 'ZWEYES MASANJA ', 'KATORO - SENGEREMA', '2026-04-10', 'approved', 18.00, '2026-04-10 12:52:45'),
(234, 5, 64, 'T 585DUV', 'ZWEYES MASANJA ', 'KATORO - SENGEREMA', '2026-04-10', 'approved', 18.00, '2026-04-10 12:57:09'),
(235, 5, 59, 'T 307EDU', 'ALLY MALALE', 'RWANDA', '2026-04-11', 'approved', 18.00, '2026-04-11 10:47:03'),
(236, 5, 46, 'T 461CQP', 'DOTTO  DOGANI', 'KAHAMA', '2026-04-13', 'approved', 18.00, '2026-04-14 06:04:03'),
(237, 5, 46, 'T 461CQP', 'DOTTO  DOGANI', 'KAHAMA', '2026-04-13', 'approved', 18.00, '2026-04-14 06:05:39'),
(238, 5, 7, 'T 655 EDR', 'MBWANA ALLY', 'LOADED FROM SINZA BRANCH', '2026-03-31', 'approved', 18.00, '2026-04-14 14:06:53'),
(239, 5, 45, 'T 177 EDS', 'SYLIVESTER MAGANGA', 'SHINYANGA', '2026-04-15', 'approved', 18.00, '2026-04-15 05:56:49'),
(240, 5, 16, 'T 653EDR', 'SHADRACK NDEGELEKE', 'DODOMA', '2026-04-15', 'approved', 18.00, '2026-04-15 07:52:21'),
(241, 5, 39, 'T 653EDR', 'SHA', 'DAR ES SALAAM', '2026-04-15', 'approved', 18.00, '2026-04-15 07:53:08'),
(242, 5, 30, 'T 653EDR', 'SHADRACK NDEGELEKE', 'DAR ES SALAAM', '2026-04-15', 'approved', 18.00, '2026-04-15 07:53:49'),
(243, 5, 93, 'T 658EDR', 'EDWARD CHARLES', 'CONGO', '2026-04-15', 'approved', 18.00, '2026-04-15 07:57:29'),
(244, 5, 45, 'T 177 EDS', 'SYLIVESTER MAGANGA', 'SHINYANGA', '2026-04-15', 'approved', 18.00, '2026-04-16 06:12:07'),
(245, 5, 59, 'T 650EDR', 'DAUD MATHIAS', 'RWANDA', '2026-04-16', 'approved', 18.00, '2026-04-16 08:46:36'),
(246, 5, 15, 'T 784EDT', 'ha', 'KIJITONYAMA BRANCH-DAR', '2026-04-16', 'approved', 18.00, '2026-04-16 13:22:30'),
(247, 5, 45, 'T 585DUV', 'ZWEYES MASANJA ', 'TABORA', '2026-04-17', 'approved', 18.00, '2026-04-17 05:57:03'),
(248, 5, 45, 'T 585DUV', 'ZWEYES MASANJA ', 'TABORA', '2026-04-17', 'approved', 18.00, '2026-04-17 05:58:06'),
(249, 5, 45, 'T 585DUV', 'ZWEYES MASANJA ', 'SHINYANGA', '2026-04-16', 'approved', 18.00, '2026-04-17 06:03:39'),
(250, 5, 45, 'T 585DUV', 'ZWEYES MASANJA ', 'TABORA', '2026-04-17', 'approved', 18.00, '2026-04-17 06:14:40'),
(251, 5, 72, 'T 964 BDU', 'DOTTO  DOGANI', 'NZEGA', '2026-04-17', 'approved', 18.00, '2026-04-17 06:48:24'),
(252, 5, 72, 'T 964 BDU', 'DOTTO  DOGANI', 'NZEGA', '2026-04-17', 'approved', 18.00, '2026-04-17 06:49:23'),
(253, 5, 89, 'T 770 EDU', 'ZAKARIA JILALA', 'ARUSHA', '2026-04-17', 'approved', 18.00, '2026-04-17 06:56:19'),
(254, 5, 89, 'T 770 EDU', 'ZAKARIA JILALA', 'ARUSHA', '2026-04-17', 'approved', 18.00, '2026-04-17 13:45:35'),
(255, 5, 65, 'T 846BGW', 'JACOB MINJA', 'Shinyanga', '2026-04-18', 'approved', 18.00, '2026-04-18 08:47:03'),
(256, 5, 30, 'T 930EDR/T 916EDE', 'AMOS DEUS', 'MBEYA', '2026-04-18', 'approved', 18.00, '2026-04-18 10:12:06'),
(257, 5, 76, 'T 964 BDU', 'DO', 'MUGUMU - SERENGETI', '2026-04-18', 'approved', 18.00, '2026-04-18 13:03:57'),
(258, 5, 76, 'T 964 BDU', 'DOTTO  DOGANI', 'MUGUMU - SERENGETI', '2026-04-18', 'approved', 18.00, '2026-04-18 13:05:01'),
(259, 5, 5, 'T 655 EDR', 'MBWANA ALLY', 'TUNDUMA', '2026-04-18', 'pending', 18.00, '2026-04-18 13:23:54'),
(260, 5, 5, 'T 655 EDR', 'MBWANA ALLY', 'TUNDUMA', '2026-04-18', 'approved', 18.00, '2026-04-18 13:23:54'),
(261, 5, 14, 'T 307EDU', 'ALLY MALALE', 'MWANZA', '2026-04-20', 'approved', 18.00, '2026-04-20 12:13:52'),
(262, 5, 14, 'T 307EDU', 'ALLY MALALE', 'MWANZA', '2026-04-20', 'approved', 18.00, '2026-04-20 12:14:30'),
(263, 5, 14, 'T 307EDU', 'ALLY MALALE', 'MWANZA', '2026-04-20', 'approved', 18.00, '2026-04-20 12:19:07'),
(264, 5, 68, 'T 722EDR ', 'BRIAN MUSHI', 'Songea', '2026-04-22', 'approved', 18.00, '2026-04-22 07:56:24'),
(265, 5, 68, 'T 722EDR', 'BRIAN MUSHI', 'Songea', '2026-04-22', 'approved', 18.00, '2026-04-22 07:57:43'),
(266, 5, 68, 'T 722EDR', 'BRIAN MUSHI', 'Songea', '2026-04-22', 'approved', 18.00, '2026-04-22 12:30:59'),
(267, 5, 81, 'T 585DUV', 'ZWEYES MASANJA ', 'NGARA', '2026-04-22', 'approved', 18.00, '2026-04-22 13:06:19'),
(268, 5, 50, 'T 585DUV', 'ZWEYES MASANJA ', 'BUKOBA', '2026-04-22', 'approved', 18.00, '2026-04-22 13:07:05'),
(269, 5, 90, 'T 964 BDU', 'DOTTO  DOGANI', 'MASUMBWE', '2026-04-23', 'approved', 18.00, '2026-04-23 07:34:53'),
(270, 5, 41, 'T 793EDT', 'DAMAS SIMON', 'MOSHI', '2026-04-23', 'approved', 18.00, '2026-04-23 09:27:10'),
(271, 5, 45, 'T 177 EDS', 'SYLIVESTER MAGANGA', 'SHINYANGA', '2026-04-24', 'approved', 18.00, '2026-04-24 06:21:17'),
(272, 5, 68, 'T 439CSQ', 'RAMADHAN NYAGA', 'Songea', '2026-04-24', 'approved', 18.00, '2026-04-24 07:02:12'),
(273, 5, 68, 'T 439CSQ', 'RAMADHAN NYAGA', 'Songea', '2026-04-24', 'approved', 18.00, '2026-04-24 07:15:54'),
(274, 5, 68, 'T 585DUV', 'ZWEYES MASANJA ', 'Songea', '2026-04-24', 'approved', 18.00, '2026-04-24 07:23:07'),
(275, 5, 46, 'T 846BGW', 'FREDY KIRENGA', 'KAHAMA', '2026-04-24', 'approved', 18.00, '2026-04-24 09:56:10'),
(276, 5, 46, 'T 846BGW', 'FREDY KIRENGA', 'KAHAMA', '2026-04-24', 'approved', 18.00, '2026-04-24 09:56:48'),
(277, 5, 44, 'T 635EHP', 'DANIEL JULIUS', 'BABATI', '2026-04-24', 'approved', 18.00, '2026-04-24 13:10:27'),
(278, 5, 81, 'T 330 EMJ', 'JOANES', 'NGARA', '2026-04-25', 'approved', 18.00, '2026-04-25 08:56:12'),
(279, 5, 81, 'T 330 EMJ', 'JOANES', 'NGARA', '2026-04-25', 'approved', 18.00, '2026-04-25 08:56:57'),
(280, 5, 59, 'T 307EDU', 'ALLY MALALE', 'RWANDA', '2026-04-24', 'approved', 18.00, '2026-04-27 05:57:30'),
(281, 5, 41, 'T 658EDR', 'EDWARD CHARLES', 'MOSHI', '2026-04-25', 'approved', 18.00, '2026-04-27 05:59:21'),
(282, 5, 41, 'T 658EDR', 'EDWARD CHARLES', 'MOSHI', '2026-04-27', 'approved', 18.00, '2026-04-27 06:01:19'),
(283, 5, 89, 'T 658EDR', 'MBWANA ALLY', 'ARUSHA', '2026-04-25', 'approved', 18.00, '2026-04-27 06:06:20'),
(284, 5, 45, 'T 177 EDS', 'SYLIVESTER MAGANGA', 'SHINYANGA', '2026-04-25', 'approved', 18.00, '2026-04-27 06:14:25'),
(285, 5, 45, 'T 177 EDS', 'SYLIVESTER MAGANGA', 'SHINYANGA', '2026-04-27', 'approved', 18.00, '2026-04-27 06:15:39'),
(286, 5, 64, 'T 846BGW', 'FREDDY KIRENGA', 'KATORO - SENGEREMA', '2026-04-27', 'approved', 18.00, '2026-04-27 06:44:38'),
(287, 5, 64, 'T 846BGW', 'FREDY KIRENGA', 'KATORO - SENGEREMA', '2026-04-26', 'approved', 18.00, '2026-04-27 06:45:41'),
(288, 5, 64, 'T 846BGW', 'FREDY KIRENGA', 'KATORO - SENGEREMA', '2026-04-27', 'approved', 18.00, '2026-04-27 06:46:45'),
(289, 5, 14, 'T 930EDR/T 916EDE', 'AMOS DEUS', 'MWANZA', '2026-04-27', 'approved', 18.00, '2026-04-27 07:26:45'),
(290, 5, 59, 'T 652EDR', 'MASAI NDALAWHA', 'RWANDA', '2026-04-27', 'pending', 18.00, '2026-04-28 05:46:02'),
(291, 5, 59, 'T 652EDR', 'MASAI NDALAWHA', 'RWANDA', '2026-04-27', 'approved', 18.00, '2026-04-28 05:46:53'),
(292, 4, 45, 'T 177 EDS', 'SYLIVESTER MAGANGA', 'SHINYANGA', '2026-04-29', 'approved', 18.00, '2026-04-29 06:42:21'),
(294, 4, 16, 'T 655EDR', 'MBWANA  ALLY', 'DODOMA', '2026-04-29', 'approved', 18.00, '2026-04-29 07:01:44'),
(295, 4, 7, 'T 653EDR', 'SHADRACK NDEGEREKE', 'DAR ES SALAAM', '2026-04-29', 'pending', 18.00, '2026-04-29 08:08:58'),
(296, 4, 7, 'T 653EDR', 'SHADRACK NDEGEREKE', 'DAR ES SALAAM', '2026-04-29', 'approved', 18.00, '2026-04-29 08:08:59'),
(297, 4, 65, 'T 461CQP', 'BENJAMIN  MABELE', 'Shinyanga', '2026-04-29', 'approved', 18.00, '2026-04-29 08:17:52'),
(298, 1, 89, 'T 793 EDT', 'DAMAS MAHENE', 'ARUSHA', '2026-04-29', 'pending', 18.00, '2026-04-29 15:06:41'),
(299, 4, 45, 'T 722EDR', 'BRIAN MUSHI', 'KIGOMA', '2026-04-30', 'approved', 18.00, '2026-04-30 06:15:56'),
(302, 4, 76, 'T 654 BDU', 'DOTTO  DOGANI', 'MUSOMA', '2026-04-30', 'approved', 18.00, '2026-04-30 08:09:45'),
(304, 4, 76, 'T 964BDU', 'DOTTO  DOGANI', 'MUSOMA', '2026-04-30', 'approved', 18.00, '2026-04-30 08:26:19'),
(305, 5, 64, 'T 846 BGW', 'FREDY KIRENGA', 'GEITA', '2026-04-30', 'approved', 18.00, '2026-04-30 09:50:47');

-- --------------------------------------------------------
-- Table: customer_prices
-- --------------------------------------------------------
DROP TABLE IF EXISTS customer_prices;
CREATE TABLE customer_prices (
  id INTEGER PRIMARY KEY AUTOINCREMENT,
  customer_id INTEGER NOT NULL,
  product_id INTEGER NOT NULL,
  price NUMERIC(10,2) NOT NULL,
  UNIQUE(customer_id, product_id),
  FOREIGN KEY (customer_id) REFERENCES customers(id) ON DELETE CASCADE,
  FOREIGN KEY (product_id) REFERENCES products(id) ON DELETE CASCADE
);

INSERT INTO customer_prices (id, customer_id, product_id, price) VALUES
(1, 1, 1, 43220.34),
(2, 1, 3, 72033.90),
(3, 1, 5, 86440.68),
(4, 3, 1, 43644.07),
(5, 3, 3, 72033.90),
(6, 3, 5, 86440.68),
(7, 5, 1, 42372.88),
(8, 5, 3, 88000.00),
(9, 5, 5, 108000.00),
(10, 6, 1, 42372.88),
(11, 6, 3, 72033.90),
(12, 6, 5, 86440.68),
(13, 7, 1, 42372.88),
(14, 7, 3, 87500.00),
(15, 7, 5, 108000.00),
(16, 8, 3, 72033.90),
(17, 8, 5, 86440.68),
(18, 9, 3, 88000.00),
(19, 9, 5, 86440.68),
(20, 10, 1, 44067.80),
(21, 11, 1, 44067.80),
(22, 11, 3, 72033.90),
(23, 11, 5, 86440.68),
(24, 12, 1, 44067.80),
(25, 12, 3, 72033.90),
(26, 12, 5, 86440.68),
(27, 13, 1, 42796.61),
(28, 13, 3, 72033.90),
(29, 13, 5, 86440.68),
(30, 14, 3, 87500.00),
(31, 14, 5, 107500.00),
(32, 15, 1, 42372.88),
(33, 16, 3, 88000.00),
(34, 16, 5, 108000.00),
(35, 28, 3, 88000.00),
(36, 28, 5, 86440.68),
(37, 31, 1, 43644.07),
(38, 32, 1, 43644.07),
(39, 33, 1, 43220.34),
(40, 33, 3, 72033.90),
(41, 33, 5, 86440.68),
(42, 34, 1, 44067.80),
(43, 34, 3, 72881.36),
(44, 34, 5, 87288.14),
(45, 35, 1, 43220.34),
(46, 35, 3, 71610.17),
(47, 35, 5, 86016.95),
(48, 36, 3, 72033.90),
(49, 36, 5, 86440.68),
(50, 37, 1, 43220.34),
(51, 37, 3, 72033.90),
(52, 38, 3, 72033.90),
(53, 39, 3, 88000.00),
(54, 39, 5, 108000.00),
(55, 41, 1, 42372.88),
(56, 41, 3, 88000.00),
(57, 41, 5, 108000.00),
(58, 43, 1, 48000.00),
(59, 43, 3, 88000.00),
(60, 43, 5, 86016.95),
(61, 44, 3, 87000.00),
(62, 44, 5, 107000.00),
(63, 45, 3, 88000.00),
(64, 45, 5, 108000.00),
(65, 50, 3, 88000.00),
(66, 50, 5, 108000.00),
(67, 10, 3, 71000.00),
(68, 5, 6, 37500.00),
(69, 58, 5, 108000.00),
(70, 52, 6, 26000.00),
(71, 52, 8, 24000.00),
(72, 59, 6, 26000.00),
(77, 45, 12, 75000.00),
(78, 5, 8, 28000.00),
(79, 30, 5, 108000.00),
(80, 60, 3, 88000.00),
(81, 60, 5, 108000.00),
(82, 14, 8, 28000.00),
(83, 61, 6, 26000.00),
(84, 45, 6, 38000.00),
(85, 45, 11, 31000.00),
(86, 16, 8, 28000.00),
(87, 62, 8, 28000.00),
(88, 62, 5, 108000.00),
(89, 62, 3, 88000.00),
(90, 48, 3, 88000.00),
(91, 48, 5, 108000.00),
(92, 48, 6, 37500.00),
(93, 46, 3, 88000.00),
(94, 46, 5, 108000.00),
(95, 46, 8, 28000.00),
(96, 46, 6, 37500.00),
(97, 50, 8, 29000.00),
(98, 63, 10, 45000.00),
(99, 45, 10, 57000.00),
(100, 64, 5, 108000.00),
(101, 64, 3, 88000.00),
(102, 64, 8, 29000.00),
(103, 65, 13, 19200.00),
(104, 66, 5, 108000.00),
(105, 66, 3, 88000.00),
(106, 67, 6, 37500.00),
(107, 68, 3, 90000.00),
(108, 69, 3, 88000.00),
(109, 69, 8, 28000.00),
(110, 69, 6, 37500.00),
(111, 70, 13, 19200.00),
(112, 70, 7, 14200.00),
(113, 70, 6, 37500.00),
(114, 70, 11, 30000.00),
(115, 70, 3, 88000.00),
(116, 30, 3, 88000.00),
(117, 71, 8, 28000.00),
(118, 46, 13, 19200.00),
(119, 72, 13, 19200.00),
(120, 72, 8, 28000.00),
(121, 72, 6, 37500.00),
(122, 72, 3, 88000.00),
(123, 72, 11, 33600.00),
(124, 65, 6, 37500.00),
(125, 65, 8, 28000.00),
(126, 65, 10, 57000.00),
(127, 75, 8, 28000.00),
(128, 75, 4, 88000.00),
(129, 75, 3, 88000.00),
(130, 76, 3, 90000.00),
(131, 76, 8, 28000.00),
(132, 30, 12, 72000.00),
(133, 41, 12, 72000.00),
(134, 77, 3, 88000.00),
(135, 77, 12, 72000.00),
(136, 28, 8, 29000.00),
(137, 43, 8, 28000.00),
(138, 43, 2, 48000.00),
(139, 43, 6, 37500.00),
(140, 45, 8, 29000.00),
(141, 78, 3, 88000.00),
(142, 78, 8, 28000.00),
(143, 80, 15, 85000.00),
(144, 81, 8, 28000.00),
(145, 81, 12, 72000.00),
(146, 81, 6, 37500.00),
(147, 81, 10, 57000.00),
(148, 81, 11, 31000.00),
(149, 82, 8, 28000.00),
(150, 82, 7, 19200.00),
(151, 82, 13, 19200.00),
(152, 14, 6, 37500.00),
(153, 48, 8, 28000.00),
(154, 64, 12, 72000.00),
(155, 44, 12, 72000.00),
(156, 7, 6, 37500.00),
(157, 86, 6, 29000.00),
(158, 63, 11, 26000.00),
(159, 87, 3, 88000.00),
(160, 65, 7, 18000.00),
(161, 48, 13, 19200.00),
(162, 48, 7, 18000.00),
(163, 46, 7, 18000.00),
(164, 46, 11, 30000.00);

-- --------------------------------------------------------
-- Table: request_items
-- --------------------------------------------------------
DROP TABLE IF EXISTS request_items;
CREATE TABLE request_items (
  id INTEGER PRIMARY KEY AUTOINCREMENT,
  request_id INTEGER NOT NULL,
  product_id INTEGER NOT NULL,
  quantity INTEGER NOT NULL,
  unit_price NUMERIC(15,2) NOT NULL,
  total_price NUMERIC(15,2) NOT NULL,
  FOREIGN KEY (request_id) REFERENCES requests(id) ON DELETE CASCADE,
  FOREIGN KEY (product_id) REFERENCES products(id)
);

INSERT INTO request_items (id, request_id, product_id, quantity, unit_price, total_price) VALUES
(10, 7, 5, 1700, 108000.00, 183600000.00),
(11, 8, 6, 2000, 26000.00, 52000000.00),
(12, 9, 8, 2000, 24000.00, 48000000.00),
(13, 10, 8, 2000, 24000.00, 48000000.00),
(14, 11, 6, 2000, 26000.00, 52000000.00),
(15, 12, 6, 20, 38000.00, 760000.00),
(16, 12, 8, 10, 28000.00, 280000.00),
(17, 13, 3, 40, 88000.00, 3520000.00),
(18, 13, 12, 10, 74000.00, 740000.00),
(19, 14, 6, 20, 38000.00, 760000.00),
(20, 14, 8, 10, 28000.00, 280000.00),
(21, 15, 5, 300, 108000.00, 32400000.00),
(22, 15, 3, 400, 88000.00, 35200000.00),
(23, 16, 5, 1700, 108000.00, 183600000.00),
(24, 17, 5, 1000, 108000.00, 108000000.00),
(25, 18, 8, 1000, 28000.00, 28000000.00),
(27, 20, 6, 80, 38000.00, 3040000.00),
(28, 20, 11, 40, 31000.00, 1240000.00),
(30, 22, 5, 1000, 108000.00, 108000000.00),
(31, 22, 3, 500, 88000.00, 44000000.00),
(32, 23, 8, 300, 28000.00, 8400000.00),
(33, 24, 5, 175, 108000.00, 18900000.00),
(34, 24, 3, 25, 88000.00, 2200000.00),
(35, 25, 6, 100, 37500.00, 3750000.00),
(36, 26, 3, 550, 88000.00, 48400000.00),
(37, 26, 5, 150, 108000.00, 16200000.00),
(38, 27, 5, 1700, 108000.00, 183600000.00),
(39, 21, 8, 400, 28000.00, 11200000.00),
(40, 28, 3, 200, 88000.00, 17600000.00),
(41, 28, 5, 100, 108000.00, 10800000.00),
(42, 28, 15, 10, 85000.00, 850000.00),
(43, 29, 3, 200, 88000.00, 17600000.00),
(44, 29, 5, 100, 108000.00, 10800000.00),
(45, 29, 15, 10, 85000.00, 850000.00),
(48, 30, 8, 300, 28000.00, 8400000.00),
(49, 30, 6, 100, 37500.00, 3750000.00),
(50, 31, 5, 400, 109000.00, 43600000.00),
(51, 31, 3, 300, 89000.00, 26700000.00),
(52, 32, 5, 400, 109000.00, 43600000.00),
(53, 32, 3, 300, 89000.00, 26700000.00),
(54, 32, 15, 10, 85000.00, 850000.00),
(55, 33, 5, 100, 108000.00, 10800000.00),
(56, 33, 3, 100, 88000.00, 8800000.00),
(57, 34, 8, 800, 28000.00, 22400000.00),
(58, 35, 3, 2000, 87500.00, 175000000.00),
(59, 36, 16, 970, 26000.00, 25220000.00),
(60, 36, 10, 600, 45000.00, 27000000.00),
(61, 37, 6, 50, 39000.00, 1950000.00),
(62, 37, 11, 30, 31900.00, 957000.00),
(63, 37, 10, 10, 57000.00, 570000.00),
(69, 42, 5, 700, 108000.00, 75600000.00),
(70, 42, 3, 300, 88000.00, 26400000.00),
(71, 43, 13, 700, 19200.00, 13440000.00),
(72, 44, 5, 300, 108000.00, 32400000.00),
(73, 44, 3, 700, 88000.00, 61600000.00),
(74, 45, 5, 300, 108000.00, 32400000.00),
(75, 45, 3, 700, 88000.00, 61600000.00),
(76, 41, 3, 300, 88000.00, 26400000.00),
(77, 40, 8, 300, 29000.00, 8700000.00),
(78, 39, 8, 100, 29000.00, 2900000.00),
(79, 46, 6, 2000, 37500.00, 75000000.00),
(80, 47, 3, 800, 90000.00, 72000000.00),
(81, 48, 3, 1000, 88000.00, 88000000.00),
(82, 49, 15, 20, 85000.00, 1700000.00),
(83, 50, 3, 2000, 87500.00, 175000000.00),
(84, 51, 3, 30, 88000.00, 2640000.00),
(85, 52, 6, 10, 37500.00, 375000.00),
(86, 52, 8, 10, 28000.00, 280000.00),
(89, 54, 3, 335, 87000.00, 29145000.00),
(90, 54, 5, 15, 107000.00, 1605000.00),
(91, 55, 3, 200, 88000.00, 17600000.00),
(92, 56, 3, 200, 90000.00, 18000000.00),
(93, 57, 13, 50, 19200.00, 960000.00),
(94, 57, 6, 10, 37500.00, 375000.00),
(95, 57, 11, 10, 30000.00, 300000.00),
(97, 58, 3, 10, 88000.00, 880000.00),
(98, 59, 3, 2000, 88000.00, 176000000.00),
(99, 60, 15, 30, 85000.00, 2550000.00),
(100, 61, 3, 980, 87500.00, 85750000.00),
(101, 61, 15, 17, 85000.00, 1445000.00),
(102, 62, 3, 750, 88000.00, 66000000.00),
(103, 63, 8, 2000, 24000.00, 48000000.00),
(104, 64, 6, 2000, 26000.00, 52000000.00),
(106, 65, 8, 700, 28000.00, 19600000.00),
(107, 66, 3, 120, 88000.00, 10560000.00),
(108, 67, 13, 100, 19200.00, 1920000.00),
(109, 67, 8, 380, 28000.00, 10640000.00),
(110, 67, 6, 150, 37500.00, 5625000.00),
(112, 69, 15, 30, 85000.00, 2550000.00),
(113, 70, 6, 50, 37500.00, 1875000.00),
(114, 70, 11, 50, 33600.00, 1680000.00),
(115, 70, 8, 50, 28000.00, 1400000.00),
(116, 70, 13, 600, 19200.00, 11520000.00),
(117, 71, 13, 150, 19200.00, 2880000.00),
(118, 72, 6, 10, 37500.00, 375000.00),
(119, 72, 8, 10, 28000.00, 280000.00),
(120, 72, 10, 5, 57000.00, 285000.00),
(122, 73, 6, 2000, 26000.00, 52000000.00),
(123, 74, 8, 500, 28000.00, 14000000.00),
(124, 75, 3, 200, 88000.00, 17600000.00),
(127, 77, 3, 500, 90000.00, 45000000.00),
(128, 78, 8, 200, 29000.00, 5800000.00),
(129, 79, 3, 200, 88000.00, 17600000.00),
(130, 80, 8, 400, 29000.00, 11600000.00),
(131, 81, 8, 100, 28000.00, 2800000.00),
(132, 82, 8, 500, 29000.00, 14500000.00),
(133, 83, 3, 200, 88000.00, 17600000.00),
(134, 84, 3, 1950, 88000.00, 171600000.00),
(135, 84, 15, 30, 85000.00, 2550000.00),
(136, 84, 12, 20, 72000.00, 1440000.00),
(137, 85, 8, 500, 28000.00, 14000000.00),
(138, 86, 3, 1890, 88000.00, 166320000.00),
(139, 86, 15, 10, 85000.00, 850000.00),
(140, 86, 12, 100, 72000.00, 7200000.00),
(141, 87, 3, 700, 88000.00, 61600000.00),
(142, 87, 12, 10, 72000.00, 720000.00),
(143, 88, 8, 600, 29000.00, 17400000.00),
(144, 89, 3, 200, 88000.00, 17600000.00),
(145, 90, 1, 75, 48000.00, 3600000.00),
(146, 91, 3, 1000, 88000.00, 88000000.00),
(147, 92, 8, 30, 29000.00, 870000.00),
(151, 95, 8, 365, 28000.00, 10220000.00),
(153, 97, 3, 200, 88000.00, 17600000.00),
(154, 98, 8, 250, 29000.00, 7250000.00),
(156, 96, 8, 100, 28000.00, 2800000.00),
(157, 99, 3, 150, 90000.00, 13500000.00),
(158, 99, 15, 10, 85000.00, 850000.00),
(159, 100, 3, 1000, 88000.00, 88000000.00),
(160, 101, 3, 1000, 87500.00, 87500000.00),
(161, 101, 15, 30, 85000.00, 2550000.00),
(162, 102, 15, 20, 85000.00, 1700000.00),
(163, 103, 13, 600, 19200.00, 11520000.00),
(164, 104, 3, 1000, 88000.00, 88000000.00),
(165, 105, 8, 950, 28000.00, 26600000.00),
(166, 105, 11, 10, 31000.00, 310000.00),
(167, 105, 6, 10, 37500.00, 375000.00),
(168, 105, 10, 10, 57000.00, 570000.00),
(169, 106, 3, 5, 88000.00, 440000.00),
(170, 107, 13, 8, 19200.00, 153600.00),
(171, 108, 3, 400, 88000.00, 35200000.00),
(172, 109, 6, 50, 38000.00, 1900000.00),
(173, 109, 11, 5, 31000.00, 155000.00),
(174, 110, 8, 600, 28000.00, 16800000.00),
(175, 110, 6, 200, 37500.00, 7500000.00),
(176, 111, 15, 20, 85000.00, 1700000.00),
(177, 112, 3, 2000, 87500.00, 175000000.00),
(178, 113, 5, 1700, 107500.00, 182750000.00),
(179, 114, 5, 100, 108000.00, 10800000.00),
(180, 114, 3, 600, 88000.00, 52800000.00),
(181, 115, 3, 100, 88000.00, 8800000.00),
(182, 115, 5, 100, 108000.00, 10800000.00),
(186, 117, 8, 50, 29000.00, 1450000.00),
(187, 118, 5, 100, 108000.00, 10800000.00),
(188, 119, 8, 300, 28000.00, 8400000.00),
(189, 119, 6, 200, 37500.00, 7500000.00),
(191, 120, 3, 2000, 88000.00, 176000000.00),
(192, 121, 3, 50, 89000.00, 4450000.00),
(193, 121, 5, 50, 109000.00, 5450000.00),
(194, 122, 3, 50, 88000.00, 4400000.00),
(195, 122, 5, 50, 108000.00, 5400000.00),
(202, 127, 5, 700, 108000.00, 75600000.00),
(205, 128, 5, 700, 108000.00, 75600000.00),
(206, 129, 5, 900, 108000.00, 97200000.00),
(207, 130, 5, 750, 108000.00, 81000000.00),
(208, 131, 5, 900, 108000.00, 97200000.00),
(209, 132, 5, 800, 108000.00, 86400000.00),
(210, 133, 5, 700, 108000.00, 75600000.00),
(211, 126, 3, 200, 90000.00, 18000000.00),
(212, 126, 5, 100, 110000.00, 11000000.00),
(213, 126, 15, 100, 85000.00, 8500000.00),
(214, 126, 12, 30, 72000.00, 2160000.00),
(217, 125, 5, 200, 108000.00, 21600000.00),
(218, 125, 3, 100, 88000.00, 8800000.00),
(224, 135, 6, 2000, 26000.00, 52000000.00),
(227, 137, 6, 2000, 26000.00, 52000000.00),
(228, 138, 6, 2000, 26000.00, 52000000.00),
(229, 136, 3, 400, 87000.00, 34800000.00),
(230, 136, 5, 100, 107000.00, 10700000.00),
(231, 136, 12, 5, 72000.00, 360000.00),
(232, 136, 15, 5, 85000.00, 425000.00),
(233, 116, 8, 180, 28000.00, 5040000.00),
(234, 116, 13, 100, 19200.00, 1920000.00),
(235, 116, 6, 50, 37500.00, 1875000.00),
(236, 139, 3, 1500, 87500.00, 131250000.00),
(237, 140, 6, 500, 37500.00, 18750000.00),
(238, 141, 6, 2000, 29000.00, 58000000.00),
(239, 142, 5, 2000, 88000.00, 176000000.00),
(240, 143, 3, 2000, 88000.00, 176000000.00),
(241, 144, 6, 2000, 26000.00, 52000000.00),
(242, 145, 6, 2000, 26000.00, 52000000.00),
(243, 146, 6, 50, 38000.00, 1900000.00),
(244, 146, 11, 20, 31000.00, 620000.00),
(245, 147, 6, 2000, 26000.00, 52000000.00),
(246, 148, 11, 2000, 26000.00, 52000000.00),
(247, 149, 6, 2000, 26000.00, 52000000.00),
(250, 150, 3, 500, 88000.00, 44000000.00),
(251, 151, 6, 50, 37500.00, 1875000.00),
(252, 151, 13, 50, 19200.00, 960000.00),
(253, 152, 3, 800, 88000.00, 70400000.00),
(257, 154, 6, 30, 37500.00, 1125000.00),
(258, 155, 3, 1000, 87500.00, 87500000.00),
(259, 156, 3, 1000, 88000.00, 88000000.00),
(260, 157, 11, 450, 31000.00, 13950000.00),
(261, 157, 6, 50, 37500.00, 1875000.00),
(262, 158, 3, 150, 88000.00, 13200000.00),
(263, 158, 12, 50, 72000.00, 3600000.00),
(264, 158, 15, 50, 85000.00, 4250000.00),
(267, 159, 3, 2000, 88000.00, 176000000.00),
(268, 153, 5, 30, 108000.00, 3240000.00),
(269, 153, 3, 300, 88000.00, 26400000.00),
(270, 160, 3, 5, 88000.00, 440000.00),
(271, 161, 13, 200, 19200.00, 3840000.00),
(272, 161, 11, 5, 30000.00, 150000.00),
(273, 162, 6, 2000, 29000.00, 58000000.00),
(274, 163, 13, 600, 19200.00, 11520000.00),
(275, 164, 7, 600, 18000.00, 10800000.00),
(278, 165, 7, 450, 18000.00, 8100000.00),
(279, 165, 6, 50, 37500.00, 1875000.00),
(280, 166, 7, 450, 18000.00, 8100000.00),
(281, 166, 6, 50, 37500.00, 1875000.00),
(282, 167, 3, 2000, 87500.00, 175000000.00),
(283, 168, 6, 50, 38000.00, 1900000.00),
(284, 169, 3, 2000, 88000.00, 176000000.00),
(285, 170, 3, 2000, 88000.00, 176000000.00),
(286, 171, 3, 2000, 88000.00, 176000000.00),
(287, 172, 8, 200, 28000.00, 5600000.00),
(288, 172, 8, 100, 29000.00, 2900000.00),
(289, 173, 3, 20, 90000.00, 1800000.00),
(290, 173, 5, 8, 110000.00, 880000.00),
(291, 174, 6, 50, 39000.00, 1950000.00),
(292, 175, 7, 250, 18000.00, 4500000.00),
(293, 176, 3, 500, 88000.00, 44000000.00),
(294, 177, 3, 2000, 88000.00, 176000000.00),
(295, 178, 3, 2000, 88000.00, 176000000.00),
(296, 179, 3, 2000, 88000.00, 176000000.00),
(297, 180, 3, 2000, 88000.00, 176000000.00),
(298, 181, 6, 25, 37500.00, 937500.00),
(299, 181, 11, 25, 30000.00, 750000.00),
(300, 182, 3, 300, 90000.00, 27000000.00),
(301, 183, 15, 50, 85000.00, 4250000.00),
(302, 184, 15, 20, 85000.00, 1700000.00),
(303, 185, 13, 150, 19200.00, 2880000.00),
(304, 185, 7, 150, 18000.00, 2700000.00),
(305, 185, 6, 30, 37500.00, 1125000.00),
(306, 186, 11, 100, 31000.00, 3100000.00),
(307, 186, 6, 50, 37500.00, 1875000.00),
(308, 187, 7, 750, 18000.00, 13500000.00),
(309, 188, 3, 300, 90000.00, 27000000.00),
(310, 189, 3, 650, 90000.00, 58500000.00),
(312, 191, 13, 500, 19200.00, 9600000.00),
(313, 192, 15, 5, 85000.00, 425000.00),
(314, 193, 6, 2000, 29000.00, 58000000.00),
(315, 194, 3, 2000, 88000.00, 176000000.00),
(316, 195, 6, 50, 38000.00, 1900000.00),
(317, 195, 11, 25, 31000.00, 775000.00),
(318, 196, 12, 10, 75000.00, 750000.00),
(325, 198, 3, 200, 88000.00, 17600000.00),
(326, 198, 3, 100, 90000.00, 9000000.00),
(327, 198, 15, 20, 85000.00, 1700000.00),
(328, 198, 12, 20, 72000.00, 1440000.00),
(329, 199, 7, 130, 18000.00, 2340000.00),
(330, 199, 6, 30, 37500.00, 1125000.00),
(332, 201, 7, 300, 18000.00, 5400000.00),
(338, 200, 3, 300, 88000.00, 26400000.00),
(339, 200, 12, 25, 75000.00, 1875000.00),
(340, 200, 15, 25, 85000.00, 2125000.00),
(341, 202, 11, 500, 25000.00, 12500000.00),
(342, 202, 9, 500, 37500.00, 18750000.00),
(343, 203, 2, 1000, 45000.00, 45000000.00),
(344, 204, 7, 200, 19000.00, 3800000.00),
(345, 204, 6, 50, 39000.00, 1950000.00),
(346, 204, 11, 30, 31000.00, 930000.00),
(347, 204, 10, 50, 58000.00, 2900000.00),
(348, 205, 3, 200, 90000.00, 18000000.00),
(349, 205, 15, 50, 85000.00, 4250000.00),
(350, 205, 12, 20, 75000.00, 1500000.00),
(351, 206, 6, 100, 38000.00, 3800000.00),
(352, 206, 11, 30, 31000.00, 930000.00),
(353, 206, 10, 30, 55000.00, 1650000.00),
(354, 207, 3, 1000, 88000.00, 88000000.00),
(355, 208, 3, 2000, 87500.00, 175000000.00),
(356, 209, 5, 100, 109000.00, 10900000.00),
(357, 210, 7, 600, 18000.00, 10800000.00),
(358, 211, 1, 50, 48000.00, 2400000.00),
(359, 212, 3, 1900, 88000.00, 167200000.00),
(360, 213, 7, 100, 14000.00, 1400000.00),
(361, 214, 7, 100, 18000.00, 1800000.00),
(362, 215, 12, 10, 72000.00, 720000.00),
(363, 215, 15, 10, 85000.00, 850000.00),
(364, 216, 7, 500, 18000.00, 9000000.00),
(365, 216, 13, 200, 19200.00, 3840000.00),
(366, 216, 6, 20, 37500.00, 750000.00),
(367, 216, 11, 10, 30000.00, 300000.00),
(368, 217, 5, 200, 110000.00, 22000000.00),
(369, 217, 15, 10, 85000.00, 850000.00),
(370, 217, 12, 10, 72000.00, 720000.00),
(371, 218, 7, 300, 19000.00, 5700000.00),
(372, 218, 6, 50, 39000.00, 1950000.00),
(373, 218, 11, 20, 31000.00, 620000.00),
(374, 219, 5, 600, 108000.00, 64800000.00),
(375, 220, 5, 600, 108000.00, 64800000.00),
(376, 221, 5, 500, 108000.00, 54000000.00),
(377, 222, 5, 500, 108000.00, 54000000.00),
(378, 223, 13, 600, 19200.00, 11520000.00),
(382, 224, 5, 600, 108000.00, 64800000.00),
(383, 225, 5, 600, 108000.00, 64800000.00),
(385, 227, 6, 2100, 29000.00, 60900000.00),
(386, 226, 5, 500, 108000.00, 54000000.00),
(387, 228, 11, 50, 31000.00, 1550000.00),
(388, 228, 13, 40, 19200.00, 768000.00),
(389, 229, 5, 750, 107500.00, 80625000.00),
(390, 230, 5, 50, 108000.00, 5400000.00),
(391, 231, 7, 500, 18000.00, 9000000.00),
(392, 232, 5, 50, 110000.00, 5500000.00),
(393, 233, 5, 100, 108000.00, 10800000.00),
(394, 233, 5, 100, 110000.00, 11000000.00),
(395, 233, 12, 50, 72000.00, 3600000.00),
(396, 233, 15, 50, 85000.00, 4250000.00),
(397, 234, 7, 400, 18000.00, 7200000.00),
(398, 234, 6, 30, 38000.00, 1140000.00),
(399, 234, 11, 20, 31000.00, 620000.00),
(400, 235, 6, 2000, 26000.00, 52000000.00),
(401, 236, 5, 400, 108000.00, 43200000.00),
(408, 237, 13, 50, 19200.00, 960000.00),
(409, 237, 7, 50, 18000.00, 900000.00),
(411, 238, 3, 1000, 87500.00, 87500000.00),
(412, 239, 5, 15, 110000.00, 1650000.00),
(413, 240, 5, 400, 108000.00, 43200000.00),
(414, 241, 5, 700, 108000.00, 75600000.00),
(415, 242, 5, 600, 108000.00, 64800000.00),
(416, 243, 6, 2100, 29000.00, 60900000.00),
(417, 244, 6, 70, 38000.00, 2660000.00),
(418, 245, 6, 2000, 26000.00, 52000000.00),
(419, 246, 5, 1000, 108000.00, 108000000.00),
(422, 247, 7, 700, 13789.99, 9652993.00),
(423, 248, 5, 50, 108000.00, 5400000.00),
(424, 249, 5, 50, 109000.00, 5450000.00),
(425, 250, 7, 700, 18000.00, 12600000.00),
(426, 251, 7, 600, 18000.00, 10800000.00),
(427, 252, 5, 100, 108000.00, 10800000.00),
(428, 253, 5, 950, 108000.00, 102600000.00),
(429, 254, 6, 130, 18000.00, 2340000.00),
(430, 255, 1, 99, 48000.00, 4752000.00),
(431, 256, 5, 1700, 108000.00, 183600000.00),
(432, 257, 5, 300, 110000.00, 33000000.00),
(433, 258, 7, 300, 18000.00, 5400000.00),
(434, 259, 5, 1700, 108000.00, 183600000.00),
(435, 260, 5, 1700, 108000.00, 183600000.00),
(436, 261, 7, 500, 18000.00, 9000000.00),
(437, 262, 5, 1300, 107500.00, 139750000.00),
(438, 263, 5, 1400, 107500.00, 150500000.00),
(439, 264, 6, 50, 38000.00, 1900000.00),
(440, 264, 7, 100, 19000.00, 1900000.00),
(441, 265, 5, 600, 110000.00, 66000000.00),
(442, 266, 6, 50, 38000.00, 1900000.00),
(443, 266, 7, 50, 19000.00, 950000.00),
(444, 267, 5, 350, 108000.00, 37800000.00),
(445, 268, 5, 350, 108000.00, 37800000.00),
(446, 269, 3, 600, 90000.00, 54000000.00),
(447, 269, 5, 100, 110000.00, 11000000.00),
(448, 270, 5, 1700, 108000.00, 183600000.00),
(449, 271, 12, 20, 75000.00, 1500000.00),
(450, 272, 3, 700, 88000.00, 61600000.00),
(451, 272, 5, 200, 108000.00, 21600000.00),
(452, 273, 7, 100, 18000.00, 1800000.00),
(453, 274, 3, 800, 90000.00, 72000000.00),
(454, 275, 3, 400, 88000.00, 35200000.00),
(455, 276, 7, 100, 18000.00, 1800000.00),
(456, 277, 3, 500, 87000.00, 43500000.00),
(457, 278, 3, 30, 88000.00, 2640000.00),
(458, 279, 7, 30, 18000.00, 540000.00),
(459, 280, 6, 2000, 26000.00, 52000000.00),
(460, 281, 7, 500, 18000.00, 9000000.00),
(461, 281, 6, 100, 37500.00, 3750000.00),
(462, 281, 10, 50, 57000.00, 2850000.00),
(463, 282, 3, 900, 88000.00, 79200000.00),
(464, 282, 15, 50, 85000.00, 4250000.00),
(465, 283, 3, 500, 88000.00, 44000000.00),
(466, 284, 3, 150, 88999.99, 13349998.50),
(467, 284, 5, 50, 109000.00, 5450000.00),
(468, 285, 3, 150, 89000.00, 13350000.00),
(469, 285, 5, 50, 109000.00, 5450000.00),
(470, 286, 3, 200, 88000.00, 17600000.00),
(471, 287, 3, 100, 90000.00, 9000000.00),
(472, 287, 5, 50, 110000.00, 5500000.00),
(473, 288, 7, 250, 18000.00, 4500000.00),
(474, 289, 3, 2000, 87500.00, 175000000.00),
(475, 290, 6, 1998, 26000.00, 51948000.00),
(476, 291, 6, 2000, 26000.00, 52000000.00),
(481, 292, 6, 50, 38000.00, 1900000.00),
(482, 292, 11, 13, 31000.00, 403000.00),
(483, 294, 3, 2000, 88000.00, 176000000.00),
(484, 295, 5, 700, 108000.00, 75600000.00),
(485, 296, 5, 700, 108000.00, 75600000.00),
(486, 297, 7, 600, 18000.00, 10800000.00),
(487, 298, 3, 2000, 88000.00, 176000000.00),
(488, 299, 3, 500, 89000.00, 44500000.00),
(489, 299, 5, 200, 109000.00, 21800000.00),
(495, 302, 7, 200, 18000.00, 3600000.00),
(500, 304, 3, 90, 90000.00, 8100000.00),
(501, 304, 5, 30, 110000.00, 3300000.00),
(502, 304, 3, 300, 88000.00, 26400000.00),
(503, 304, 5, 80, 108000.00, 8640000.00),
(504, 305, 3, 400, 90000.00, 36000000.00),
(505, 305, 5, 50, 110000.00, 5500000.00);

-- --------------------------------------------------------
-- Table: request_signatures
-- --------------------------------------------------------
DROP TABLE IF EXISTS request_signatures;
CREATE TABLE request_signatures (
  id INTEGER PRIMARY KEY AUTOINCREMENT,
  request_id INTEGER NOT NULL,
  signer_id INTEGER NOT NULL,
  signature_type TEXT NOT NULL CHECK (signature_type IN ('prepared_by', 'requested_by', 'authorised_by', 'approved_by')),
  signed_at DATETIME NOT NULL DEFAULT CURRENT_TIMESTAMP,
  FOREIGN KEY (request_id) REFERENCES requests(id) ON DELETE CASCADE,
  FOREIGN KEY (signer_id) REFERENCES users(id)
);

INSERT INTO request_signatures (id, request_id, signer_id, signature_type, signed_at) VALUES
(13, 7, 1, 'prepared_by', '2025-12-22 09:50:18'),
(14, 7, 5, 'approved_by', '2025-12-22 09:50:50'),
(15, 8, 5, 'prepared_by', '2025-12-22 10:39:34'),
(16, 9, 5, 'prepared_by', '2025-12-22 10:41:09'),
(17, 10, 5, 'prepared_by', '2025-12-22 10:43:23'),
(18, 10, 5, 'approved_by', '2025-12-22 11:17:05'),
(19, 9, 5, 'approved_by', '2025-12-22 11:17:25'),
(20, 8, 5, 'approved_by', '2025-12-22 11:17:35'),
(21, 11, 5, 'prepared_by', '2025-12-22 13:37:54'),
(22, 11, 5, 'approved_by', '2025-12-22 13:38:00'),
(23, 12, 5, 'prepared_by', '2025-12-23 06:10:11'),
(24, 13, 5, 'prepared_by', '2025-12-23 06:12:45'),
(25, 14, 5, 'prepared_by', '2025-12-23 06:15:44'),
(26, 14, 5, 'approved_by', '2025-12-23 06:39:13'),
(27, 13, 5, 'approved_by', '2025-12-23 06:39:28'),
(28, 12, 5, 'approved_by', '2025-12-23 06:39:39'),
(29, 15, 5, 'prepared_by', '2025-12-23 07:35:18'),
(30, 16, 5, 'prepared_by', '2025-12-23 07:36:54'),
(31, 15, 5, 'approved_by', '2025-12-23 11:22:17'),
(32, 16, 5, 'approved_by', '2025-12-23 11:22:28'),
(33, 17, 5, 'prepared_by', '2025-12-23 11:30:06'),
(34, 18, 5, 'prepared_by', '2025-12-23 13:44:35'),
(35, 18, 5, 'approved_by', '2025-12-23 13:44:57'),
(38, 17, 5, 'approved_by', '2025-12-23 15:32:16'),
(39, 20, 5, 'prepared_by', '2025-12-24 07:10:58'),
(40, 21, 5, 'prepared_by', '2025-12-24 07:13:22'),
(41, 22, 5, 'prepared_by', '2025-12-24 07:14:21'),
(42, 23, 5, 'prepared_by', '2025-12-24 09:38:14'),
(43, 23, 5, 'approved_by', '2025-12-24 09:38:16'),
(44, 24, 5, 'prepared_by', '2025-12-24 09:38:53'),
(45, 24, 5, 'approved_by', '2025-12-24 09:38:54'),
(46, 25, 5, 'prepared_by', '2025-12-24 10:02:24'),
(47, 25, 5, 'approved_by', '2025-12-24 10:02:25'),
(48, 26, 5, 'prepared_by', '2025-12-24 10:03:10'),
(49, 26, 5, 'approved_by', '2025-12-24 10:03:13'),
(50, 27, 5, 'prepared_by', '2025-12-24 11:13:04'),
(51, 27, 5, 'approved_by', '2025-12-24 11:13:10'),
(52, 21, 5, 'approved_by', '2025-12-24 14:07:09'),
(53, 22, 5, 'approved_by', '2025-12-24 14:07:13'),
(54, 28, 5, 'prepared_by', '2025-12-27 07:46:11'),
(55, 29, 5, 'prepared_by', '2025-12-27 07:46:11'),
(56, 29, 5, 'approved_by', '2025-12-27 07:46:12'),
(57, 30, 5, 'prepared_by', '2025-12-27 07:47:13'),
(58, 30, 5, 'approved_by', '2025-12-27 07:47:16'),
(59, 28, 5, 'approved_by', '2025-12-28 11:30:50'),
(60, 20, 5, 'approved_by', '2025-12-28 11:31:01'),
(61, 31, 5, 'prepared_by', '2025-12-29 06:46:21'),
(62, 31, 5, 'approved_by', '2025-12-29 06:46:24'),
(63, 32, 5, 'prepared_by', '2025-12-29 06:54:53'),
(64, 32, 5, 'approved_by', '2025-12-29 06:54:55'),
(65, 33, 5, 'prepared_by', '2025-12-30 10:32:01'),
(66, 33, 5, 'approved_by', '2025-12-30 10:32:10'),
(67, 34, 5, 'prepared_by', '2025-12-30 10:33:08'),
(68, 34, 5, 'approved_by', '2025-12-30 10:33:13'),
(69, 35, 5, 'prepared_by', '2025-12-30 10:58:36'),
(70, 35, 5, 'approved_by', '2025-12-30 10:58:44'),
(71, 36, 5, 'prepared_by', '2025-12-30 13:02:09'),
(72, 36, 5, 'approved_by', '2025-12-30 13:02:12'),
(73, 37, 5, 'prepared_by', '2026-01-05 06:11:30'),
(74, 37, 5, 'approved_by', '2026-01-05 06:11:32'),
(77, 39, 5, 'prepared_by', '2026-01-05 07:24:07'),
(78, 39, 5, 'approved_by', '2026-01-05 07:24:10'),
(79, 40, 5, 'prepared_by', '2026-01-05 07:26:05'),
(80, 40, 5, 'approved_by', '2026-01-05 07:26:07'),
(81, 41, 5, 'prepared_by', '2026-01-05 07:31:34'),
(82, 41, 5, 'approved_by', '2026-01-05 07:31:37'),
(83, 42, 5, 'prepared_by', '2026-01-05 08:17:21'),
(84, 42, 5, 'approved_by', '2026-01-05 08:17:23'),
(85, 43, 5, 'prepared_by', '2026-01-05 08:45:07'),
(86, 43, 5, 'approved_by', '2026-01-05 08:45:19'),
(87, 44, 5, 'prepared_by', '2026-01-05 08:51:35'),
(88, 44, 5, 'approved_by', '2026-01-05 08:51:38'),
(89, 45, 5, 'prepared_by', '2026-01-05 10:14:06'),
(90, 45, 5, 'approved_by', '2026-01-05 10:14:09'),
(91, 46, 1, 'prepared_by', '2026-01-06 05:31:21'),
(92, 46, 5, 'approved_by', '2026-01-06 05:32:17'),
(93, 47, 5, 'prepared_by', '2026-01-06 06:23:47'),
(94, 47, 5, 'approved_by', '2026-01-06 06:23:49'),
(95, 48, 1, 'prepared_by', '2026-01-06 10:59:13'),
(96, 48, 5, 'approved_by', '2026-01-06 11:01:28'),
(97, 49, 5, 'prepared_by', '2026-01-07 06:02:48'),
(98, 49, 5, 'approved_by', '2026-01-07 06:02:50'),
(99, 50, 5, 'prepared_by', '2026-01-08 06:21:15'),
(100, 50, 5, 'approved_by', '2026-01-08 06:21:19'),
(101, 51, 5, 'prepared_by', '2026-01-08 06:23:53'),
(102, 51, 5, 'approved_by', '2026-01-08 06:23:59'),
(103, 52, 5, 'prepared_by', '2026-01-08 06:25:53'),
(104, 52, 5, 'approved_by', '2026-01-08 06:25:55'),
(107, 54, 5, 'prepared_by', '2026-01-08 07:13:17'),
(108, 54, 5, 'approved_by', '2026-01-08 07:13:22'),
(109, 55, 5, 'prepared_by', '2026-01-08 07:21:32'),
(110, 55, 5, 'approved_by', '2026-01-08 07:21:43'),
(111, 56, 5, 'prepared_by', '2026-01-08 07:23:23'),
(112, 56, 5, 'approved_by', '2026-01-08 07:23:27'),
(113, 57, 1, 'prepared_by', '2026-01-09 13:28:34'),
(114, 57, 5, 'approved_by', '2026-01-09 13:29:00'),
(115, 58, 5, 'prepared_by', '2026-01-09 13:33:41'),
(116, 58, 5, 'approved_by', '2026-01-09 13:33:44'),
(117, 59, 5, 'prepared_by', '2026-01-10 09:11:28'),
(118, 59, 5, 'approved_by', '2026-01-10 09:11:30'),
(119, 60, 5, 'prepared_by', '2026-01-10 14:32:15'),
(120, 60, 5, 'approved_by', '2026-01-10 14:32:19'),
(121, 61, 5, 'prepared_by', '2026-01-13 07:58:39'),
(122, 61, 5, 'approved_by', '2026-01-13 07:58:45'),
(123, 62, 5, 'prepared_by', '2026-01-13 09:24:48'),
(124, 62, 5, 'approved_by', '2026-01-13 09:24:50'),
(125, 63, 5, 'prepared_by', '2026-01-13 09:59:25'),
(126, 63, 5, 'approved_by', '2026-01-13 09:59:30'),
(127, 64, 5, 'prepared_by', '2026-01-13 10:01:23'),
(128, 64, 5, 'approved_by', '2026-01-13 10:01:27'),
(129, 65, 4, 'prepared_by', '2026-01-13 11:08:03'),
(130, 65, 4, 'approved_by', '2026-01-13 11:09:22'),
(131, 66, 4, 'prepared_by', '2026-01-14 08:37:51'),
(132, 66, 4, 'approved_by', '2026-01-14 08:37:52'),
(133, 67, 4, 'prepared_by', '2026-01-14 08:46:10'),
(134, 67, 4, 'approved_by', '2026-01-14 08:46:12'),
(136, 69, 4, 'prepared_by', '2026-01-15 06:31:10'),
(137, 69, 4, 'approved_by', '2026-01-15 06:31:16'),
(138, 70, 4, 'prepared_by', '2026-01-15 10:20:19'),
(139, 70, 4, 'approved_by', '2026-01-15 10:20:29'),
(140, 71, 1, 'prepared_by', '2026-01-15 10:24:57'),
(141, 71, 4, 'approved_by', '2026-01-15 10:25:31'),
(142, 72, 5, 'prepared_by', '2026-01-17 07:30:14'),
(143, 72, 5, 'approved_by', '2026-01-17 07:30:16'),
(144, 73, 5, 'prepared_by', '2026-01-17 14:09:12'),
(145, 73, 5, 'approved_by', '2026-01-17 14:10:42'),
(146, 74, 4, 'prepared_by', '2026-01-19 08:56:13'),
(147, 74, 4, 'approved_by', '2026-01-19 08:56:17'),
(148, 75, 4, 'prepared_by', '2026-01-19 08:58:59'),
(149, 75, 4, 'approved_by', '2026-01-19 08:59:02'),
(151, 77, 4, 'prepared_by', '2026-01-19 09:33:51'),
(152, 77, 4, 'approved_by', '2026-01-19 09:33:53'),
(153, 78, 4, 'prepared_by', '2026-01-19 09:34:47'),
(154, 78, 4, 'approved_by', '2026-01-19 09:34:49'),
(155, 79, 4, 'prepared_by', '2026-01-19 09:42:08'),
(156, 79, 4, 'approved_by', '2026-01-19 09:42:10'),
(157, 80, 4, 'prepared_by', '2026-01-19 09:43:20'),
(158, 80, 4, 'approved_by', '2026-01-19 09:43:22'),
(159, 81, 4, 'prepared_by', '2026-01-19 09:44:38'),
(160, 81, 4, 'approved_by', '2026-01-19 09:44:40'),
(161, 82, 4, 'prepared_by', '2026-01-21 10:53:04'),
(162, 82, 4, 'approved_by', '2026-01-21 10:53:07'),
(163, 83, 4, 'prepared_by', '2026-01-21 10:54:09'),
(164, 83, 4, 'approved_by', '2026-01-21 10:54:11'),
(165, 84, 5, 'prepared_by', '2026-01-22 07:49:08'),
(166, 84, 5, 'approved_by', '2026-01-22 07:49:12'),
(167, 85, 4, 'prepared_by', '2026-01-22 09:21:06'),
(168, 85, 4, 'approved_by', '2026-01-22 09:21:12'),
(169, 86, 5, 'prepared_by', '2026-01-23 06:58:50'),
(170, 86, 5, 'approved_by', '2026-01-23 06:58:52'),
(171, 87, 4, 'prepared_by', '2026-01-23 07:39:31'),
(172, 87, 4, 'approved_by', '2026-01-23 07:39:33'),
(173, 88, 4, 'prepared_by', '2026-01-23 13:49:51'),
(174, 88, 4, 'approved_by', '2026-01-23 13:49:53'),
(175, 89, 4, 'prepared_by', '2026-01-23 13:50:37'),
(176, 89, 4, 'approved_by', '2026-01-23 13:50:39'),
(177, 90, 4, 'prepared_by', '2026-01-24 06:58:34'),
(178, 90, 4, 'approved_by', '2026-01-24 06:58:36'),
(179, 91, 5, 'prepared_by', '2026-01-27 05:57:15'),
(180, 91, 5, 'approved_by', '2026-01-27 05:57:17'),
(181, 92, 5, 'prepared_by', '2026-01-27 06:00:26'),
(182, 92, 5, 'approved_by', '2026-01-27 06:00:28'),
(187, 95, 4, 'prepared_by', '2026-01-27 06:20:56'),
(188, 95, 4, 'approved_by', '2026-01-27 06:20:57'),
(189, 96, 4, 'prepared_by', '2026-01-27 12:54:12'),
(190, 96, 4, 'approved_by', '2026-01-27 12:54:14'),
(191, 97, 4, 'prepared_by', '2026-01-27 12:55:50'),
(192, 97, 4, 'approved_by', '2026-01-27 12:55:53'),
(193, 98, 4, 'prepared_by', '2026-01-27 12:58:21'),
(194, 98, 4, 'approved_by', '2026-01-27 12:58:24'),
(195, 99, 4, 'prepared_by', '2026-01-27 12:59:18'),
(196, 99, 4, 'approved_by', '2026-01-27 12:59:19'),
(197, 100, 5, 'prepared_by', '2026-01-28 09:43:24'),
(198, 100, 5, 'approved_by', '2026-01-28 09:43:26'),
(199, 101, 4, 'prepared_by', '2026-01-29 07:46:08'),
(200, 101, 4, 'approved_by', '2026-01-29 07:47:10'),
(201, 102, 4, 'prepared_by', '2026-01-29 08:07:12'),
(202, 102, 4, 'approved_by', '2026-01-29 08:07:14'),
(203, 103, 4, 'prepared_by', '2026-01-30 06:43:24'),
(204, 103, 4, 'approved_by', '2026-01-30 06:43:27'),
(205, 104, 4, 'prepared_by', '2026-01-30 10:07:41'),
(206, 104, 4, 'approved_by', '2026-01-30 10:07:44'),
(207, 105, 5, 'prepared_by', '2026-01-31 10:08:23'),
(208, 105, 5, 'approved_by', '2026-01-31 10:08:25'),
(209, 106, 5, 'prepared_by', '2026-01-31 10:09:45'),
(210, 106, 5, 'approved_by', '2026-01-31 10:09:48'),
(211, 107, 5, 'prepared_by', '2026-02-02 06:06:40'),
(212, 107, 5, 'approved_by', '2026-02-02 06:06:44'),
(213, 108, 5, 'prepared_by', '2026-02-02 08:56:04'),
(214, 108, 5, 'approved_by', '2026-02-02 08:56:06'),
(215, 109, 4, 'prepared_by', '2026-02-03 06:12:25'),
(216, 109, 4, 'approved_by', '2026-02-03 06:12:28'),
(217, 110, 5, 'prepared_by', '2026-02-03 06:59:40'),
(218, 110, 5, 'approved_by', '2026-02-03 06:59:41'),
(219, 111, 5, 'prepared_by', '2026-02-03 07:02:43'),
(220, 111, 5, 'approved_by', '2026-02-03 07:02:45'),
(221, 112, 5, 'prepared_by', '2026-02-04 09:03:41'),
(222, 112, 5, 'approved_by', '2026-02-04 09:03:43'),
(223, 113, 5, 'prepared_by', '2026-02-04 09:07:21'),
(224, 113, 5, 'approved_by', '2026-02-04 09:07:23'),
(225, 114, 5, 'prepared_by', '2026-02-04 09:29:50'),
(226, 114, 5, 'approved_by', '2026-02-04 09:29:51'),
(227, 115, 4, 'prepared_by', '2026-02-04 10:36:36'),
(228, 116, 4, 'prepared_by', '2026-02-04 10:37:10'),
(229, 117, 5, 'prepared_by', '2026-02-05 05:59:04'),
(230, 117, 5, 'approved_by', '2026-02-05 05:59:08'),
(231, 118, 5, 'prepared_by', '2026-02-05 07:15:15'),
(232, 118, 5, 'approved_by', '2026-02-05 07:15:16'),
(233, 119, 5, 'prepared_by', '2026-02-05 07:17:22'),
(234, 119, 5, 'approved_by', '2026-02-05 07:17:24'),
(235, 120, 5, 'prepared_by', '2026-02-05 07:25:40'),
(236, 120, 5, 'approved_by', '2026-02-05 07:25:42'),
(237, 121, 5, 'prepared_by', '2026-02-06 06:16:32'),
(238, 121, 5, 'approved_by', '2026-02-06 06:16:39'),
(239, 122, 5, 'prepared_by', '2026-02-06 06:18:33'),
(240, 122, 5, 'approved_by', '2026-02-06 06:18:35'),
(245, 125, 4, 'prepared_by', '2026-02-06 06:33:17'),
(246, 125, 4, 'approved_by', '2026-02-06 06:33:20'),
(247, 126, 4, 'prepared_by', '2026-02-06 06:37:36'),
(248, 126, 4, 'approved_by', '2026-02-06 06:37:38'),
(249, 127, 4, 'prepared_by', '2026-02-06 07:37:45'),
(250, 127, 4, 'approved_by', '2026-02-06 07:37:50'),
(251, 128, 5, 'prepared_by', '2026-02-06 07:45:06'),
(252, 129, 5, 'prepared_by', '2026-02-06 07:46:57'),
(253, 129, 5, 'approved_by', '2026-02-06 07:47:07'),
(254, 128, 5, 'approved_by', '2026-02-06 07:47:41'),
(255, 130, 5, 'prepared_by', '2026-02-06 08:04:38'),
(256, 130, 5, 'approved_by', '2026-02-06 08:04:40'),
(257, 131, 5, 'prepared_by', '2026-02-06 08:05:50'),
(258, 131, 5, 'approved_by', '2026-02-06 08:05:52'),
(259, 132, 5, 'prepared_by', '2026-02-06 08:07:27'),
(260, 132, 5, 'approved_by', '2026-02-06 08:07:28'),
(261, 133, 5, 'prepared_by', '2026-02-06 08:08:45'),
(262, 133, 5, 'approved_by', '2026-02-06 08:08:47'),
(264, 135, 4, 'prepared_by', '2026-02-07 10:55:10'),
(265, 136, 5, 'prepared_by', '2026-02-09 06:30:36'),
(266, 136, 5, 'approved_by', '2026-02-09 06:30:37'),
(267, 137, 5, 'prepared_by', '2026-02-09 06:57:46'),
(268, 137, 5, 'approved_by', '2026-02-09 06:57:48'),
(269, 138, 5, 'prepared_by', '2026-02-09 07:09:19'),
(270, 138, 5, 'approved_by', '2026-02-09 07:09:21'),
(271, 139, 4, 'prepared_by', '2026-02-10 08:14:48'),
(272, 139, 4, 'approved_by', '2026-02-10 08:14:51'),
(273, 140, 4, 'prepared_by', '2026-02-10 08:16:47'),
(274, 140, 4, 'approved_by', '2026-02-10 08:16:53'),
(275, 141, 5, 'prepared_by', '2026-02-10 09:19:31'),
(276, 141, 5, 'approved_by', '2026-02-10 09:19:33'),
(277, 142, 5, 'prepared_by', '2026-02-11 06:46:38'),
(278, 142, 5, 'approved_by', '2026-02-11 06:46:41'),
(279, 143, 5, 'prepared_by', '2026-02-12 07:14:02'),
(280, 143, 5, 'approved_by', '2026-02-12 07:14:04'),
(281, 144, 5, 'prepared_by', '2026-02-12 07:15:20'),
(282, 144, 5, 'approved_by', '2026-02-12 07:15:22'),
(283, 145, 5, 'prepared_by', '2026-02-12 10:51:54'),
(284, 145, 5, 'approved_by', '2026-02-12 10:51:55'),
(285, 146, 5, 'prepared_by', '2026-02-14 06:18:14'),
(286, 146, 5, 'approved_by', '2026-02-14 06:18:16'),
(287, 147, 5, 'prepared_by', '2026-02-17 10:38:13'),
(288, 147, 5, 'approved_by', '2026-02-17 10:38:15'),
(289, 148, 5, 'prepared_by', '2026-02-17 10:41:37'),
(290, 148, 5, 'approved_by', '2026-02-17 10:41:39'),
(291, 149, 5, 'prepared_by', '2026-02-19 07:24:25'),
(292, 149, 5, 'approved_by', '2026-02-19 07:24:27'),
(293, 150, 4, 'prepared_by', '2026-02-19 07:37:37'),
(294, 150, 4, 'approved_by', '2026-02-19 07:37:40'),
(295, 151, 4, 'prepared_by', '2026-02-19 07:41:02'),
(296, 152, 4, 'prepared_by', '2026-02-19 09:23:55'),
(297, 152, 4, 'approved_by', '2026-02-19 09:23:58'),
(298, 153, 4, 'prepared_by', '2026-02-19 09:25:27'),
(299, 153, 4, 'approved_by', '2026-02-19 09:25:29'),
(300, 154, 4, 'prepared_by', '2026-02-19 09:26:34'),
(301, 154, 4, 'approved_by', '2026-02-19 09:26:36'),
(302, 155, 4, 'prepared_by', '2026-02-20 08:12:05'),
(303, 155, 4, 'approved_by', '2026-02-20 08:12:06'),
(304, 156, 4, 'prepared_by', '2026-02-20 08:13:05'),
(305, 156, 4, 'approved_by', '2026-02-20 08:13:07'),
(306, 157, 4, 'prepared_by', '2026-02-20 09:47:56'),
(307, 157, 4, 'approved_by', '2026-02-20 09:48:00'),
(308, 158, 4, 'prepared_by', '2026-02-20 09:49:37'),
(309, 158, 4, 'approved_by', '2026-02-20 09:49:39'),
(310, 159, 4, 'prepared_by', '2026-02-20 13:19:18'),
(311, 159, 4, 'approved_by', '2026-02-20 13:19:20'),
(312, 160, 4, 'prepared_by', '2026-02-21 09:55:13'),
(313, 160, 4, 'approved_by', '2026-02-21 09:55:15'),
(314, 161, 4, 'prepared_by', '2026-02-21 09:56:42'),
(315, 161, 4, 'approved_by', '2026-02-21 09:56:43'),
(316, 162, 5, 'prepared_by', '2026-02-23 07:11:12'),
(317, 162, 5, 'approved_by', '2026-02-23 07:11:32'),
(318, 163, 4, 'prepared_by', '2026-02-24 06:39:13'),
(319, 163, 4, 'approved_by', '2026-02-24 06:39:15'),
(320, 164, 4, 'prepared_by', '2026-02-25 08:39:15'),
(321, 164, 4, 'approved_by', '2026-02-25 08:39:21'),
(322, 165, 4, 'prepared_by', '2026-02-25 09:17:43'),
(323, 165, 4, 'approved_by', '2026-02-25 09:17:45'),
(324, 166, 4, 'prepared_by', '2026-02-25 13:13:56'),
(325, 166, 4, 'approved_by', '2026-02-25 13:13:58'),
(326, 167, 4, 'prepared_by', '2026-02-26 07:02:08'),
(327, 167, 4, 'approved_by', '2026-02-26 07:02:14'),
(328, 168, 1, 'prepared_by', '2026-02-28 06:36:27'),
(329, 168, 5, 'approved_by', '2026-02-28 08:13:41'),
(330, 168, 5, 'approved_by', '2026-02-28 08:13:41'),
(331, 169, 5, 'prepared_by', '2026-02-28 08:22:00'),
(332, 170, 5, 'prepared_by', '2026-02-28 08:22:00'),
(333, 171, 5, 'prepared_by', '2026-02-28 08:22:00'),
(334, 172, 5, 'prepared_by', '2026-02-28 08:33:09'),
(335, 173, 5, 'prepared_by', '2026-02-28 10:52:26'),
(336, 173, 5, 'approved_by', '2026-02-28 10:52:28'),
(337, 173, 5, 'approved_by', '2026-02-28 10:52:28'),
(338, 174, 5, 'prepared_by', '2026-02-28 10:54:18'),
(339, 174, 5, 'approved_by', '2026-02-28 10:54:19'),
(340, 175, 4, 'prepared_by', '2026-03-02 11:43:36'),
(341, 175, 4, 'approved_by', '2026-03-02 11:43:38'),
(342, 176, 4, 'prepared_by', '2026-03-02 11:44:42'),
(343, 176, 4, 'approved_by', '2026-03-02 11:44:45'),
(344, 177, 5, 'prepared_by', '2026-03-04 08:11:39'),
(345, 178, 5, 'prepared_by', '2026-03-04 10:31:37'),
(346, 178, 5, 'approved_by', '2026-03-04 10:31:43'),
(347, 179, 5, 'prepared_by', '2026-03-05 09:44:33'),
(348, 180, 5, 'prepared_by', '2026-03-05 09:46:47'),
(349, 180, 5, 'approved_by', '2026-03-05 09:46:52'),
(350, 180, 5, 'approved_by', '2026-03-05 09:46:52'),
(351, 181, 5, 'prepared_by', '2026-03-05 09:48:42'),
(352, 181, 5, 'approved_by', '2026-03-05 09:48:44'),
(353, 182, 5, 'prepared_by', '2026-03-10 12:20:12'),
(354, 182, 5, 'approved_by', '2026-03-10 12:20:14'),
(355, 183, 5, 'prepared_by', '2026-03-10 12:21:05'),
(356, 183, 5, 'approved_by', '2026-03-10 12:21:06'),
(357, 184, 5, 'prepared_by', '2026-03-10 12:21:58'),
(358, 184, 5, 'approved_by', '2026-03-10 12:22:00'),
(359, 184, 5, 'approved_by', '2026-03-10 12:22:00'),
(360, 185, 5, 'prepared_by', '2026-03-10 12:30:32'),
(361, 185, 5, 'approved_by', '2026-03-10 12:30:35'),
(362, 186, 5, 'prepared_by', '2026-03-10 14:29:28'),
(363, 186, 5, 'approved_by', '2026-03-10 14:29:30'),
(364, 187, 5, 'prepared_by', '2026-03-10 14:33:04'),
(365, 187, 5, 'approved_by', '2026-03-10 14:33:06'),
(366, 188, 5, 'prepared_by', '2026-03-10 14:34:14'),
(367, 188, 5, 'approved_by', '2026-03-10 14:34:15'),
(368, 189, 5, 'prepared_by', '2026-03-10 14:37:22'),
(369, 189, 5, 'approved_by', '2026-03-10 14:37:24'),
(372, 191, 4, 'prepared_by', '2026-03-11 06:40:08'),
(373, 191, 4, 'approved_by', '2026-03-11 06:40:10'),
(374, 192, 5, 'prepared_by', '2026-03-11 08:46:08'),
(375, 192, 5, 'approved_by', '2026-03-11 08:46:10'),
(376, 193, 5, 'prepared_by', '2026-03-12 09:45:08'),
(377, 193, 5, 'approved_by', '2026-03-12 09:45:10'),
(378, 194, 5, 'prepared_by', '2026-03-12 10:01:41'),
(379, 194, 5, 'approved_by', '2026-03-12 10:01:42'),
(380, 195, 4, 'prepared_by', '2026-03-13 06:20:28'),
(381, 196, 4, 'prepared_by', '2026-03-13 06:22:28'),
(382, 196, 4, 'approved_by', '2026-03-13 06:22:35'),
(385, 198, 4, 'prepared_by', '2026-03-13 08:59:10'),
(386, 198, 4, 'approved_by', '2026-03-13 08:59:12'),
(387, 199, 4, 'prepared_by', '2026-03-13 09:00:12'),
(388, 199, 4, 'approved_by', '2026-03-13 09:00:13'),
(389, 200, 4, 'prepared_by', '2026-03-16 06:16:56'),
(390, 200, 4, 'approved_by', '2026-03-16 06:17:05'),
(391, 201, 4, 'prepared_by', '2026-03-16 06:18:53'),
(392, 201, 4, 'approved_by', '2026-03-16 06:18:56'),
(393, 202, 5, 'prepared_by', '2026-03-17 11:04:39'),
(394, 202, 5, 'approved_by', '2026-03-17 11:04:43'),
(395, 203, 5, 'prepared_by', '2026-03-17 11:05:40'),
(396, 203, 5, 'approved_by', '2026-03-17 11:05:43'),
(397, 204, 4, 'prepared_by', '2026-03-18 06:09:13'),
(398, 204, 4, 'approved_by', '2026-03-18 06:09:18'),
(399, 205, 4, 'prepared_by', '2026-03-18 06:10:47'),
(400, 205, 4, 'approved_by', '2026-03-18 06:10:49'),
(401, 206, 4, 'prepared_by', '2026-03-19 08:56:46'),
(402, 206, 4, 'approved_by', '2026-03-19 08:56:50'),
(403, 207, 5, 'prepared_by', '2026-03-19 13:56:07'),
(404, 207, 5, 'approved_by', '2026-03-19 13:56:14'),
(405, 208, 5, 'prepared_by', '2026-03-20 13:26:51'),
(406, 208, 5, 'approved_by', '2026-03-20 13:26:53'),
(407, 209, 5, 'prepared_by', '2026-04-01 07:34:32'),
(408, 209, 5, 'approved_by', '2026-04-01 07:34:34'),
(409, 210, 5, 'prepared_by', '2026-04-01 07:35:20'),
(410, 210, 5, 'approved_by', '2026-04-01 07:35:22'),
(411, 211, 5, 'prepared_by', '2026-04-01 07:36:55'),
(412, 211, 5, 'approved_by', '2026-04-01 07:36:56'),
(413, 212, 5, 'prepared_by', '2026-04-01 07:37:43'),
(414, 212, 5, 'approved_by', '2026-04-01 07:37:45'),
(415, 213, 5, 'prepared_by', '2026-04-02 06:54:49'),
(416, 213, 5, 'approved_by', '2026-04-02 06:54:53'),
(417, 214, 5, 'prepared_by', '2026-04-02 06:56:27'),
(418, 214, 5, 'approved_by', '2026-04-02 06:56:28'),
(419, 215, 5, 'prepared_by', '2026-04-02 08:09:49'),
(420, 215, 5, 'approved_by', '2026-04-02 08:09:51'),
(421, 216, 5, 'prepared_by', '2026-04-02 08:11:40'),
(422, 216, 5, 'approved_by', '2026-04-02 08:11:57'),
(423, 217, 5, 'prepared_by', '2026-04-04 06:19:27'),
(424, 217, 5, 'approved_by', '2026-04-04 06:19:31'),
(425, 218, 5, 'prepared_by', '2026-04-04 06:23:04'),
(426, 218, 5, 'approved_by', '2026-04-04 06:23:06'),
(427, 219, 5, 'prepared_by', '2026-04-04 07:59:51'),
(428, 219, 5, 'approved_by', '2026-04-04 07:59:53'),
(429, 220, 5, 'prepared_by', '2026-04-04 08:00:49'),
(430, 220, 5, 'approved_by', '2026-04-04 08:00:51'),
(431, 221, 5, 'prepared_by', '2026-04-04 08:03:11'),
(432, 222, 5, 'prepared_by', '2026-04-04 08:03:11'),
(433, 222, 5, 'approved_by', '2026-04-04 08:03:13'),
(434, 223, 5, 'prepared_by', '2026-04-04 11:42:13'),
(435, 223, 5, 'approved_by', '2026-04-04 11:42:15'),
(436, 224, 5, 'prepared_by', '2026-04-04 11:58:43'),
(437, 224, 5, 'approved_by', '2026-04-04 11:58:46'),
(438, 225, 5, 'prepared_by', '2026-04-04 11:59:30'),
(439, 225, 5, 'approved_by', '2026-04-04 11:59:35'),
(440, 226, 5, 'prepared_by', '2026-04-04 12:00:39'),
(441, 226, 5, 'approved_by', '2026-04-04 12:00:41'),
(442, 227, 5, 'prepared_by', '2026-04-04 12:14:00'),
(443, 227, 5, 'approved_by', '2026-04-04 12:14:02'),
(444, 228, 5, 'prepared_by', '2026-04-08 05:57:29'),
(445, 228, 5, 'approved_by', '2026-04-08 05:57:31'),
(446, 229, 5, 'prepared_by', '2026-04-08 06:41:40'),
(447, 229, 5, 'approved_by', '2026-04-08 06:41:42'),
(448, 230, 5, 'prepared_by', '2026-04-10 06:38:06'),
(449, 230, 5, 'approved_by', '2026-04-10 06:38:08'),
(450, 231, 5, 'prepared_by', '2026-04-10 06:49:26'),
(451, 231, 5, 'approved_by', '2026-04-10 06:49:28'),
(452, 232, 5, 'prepared_by', '2026-04-10 06:50:08'),
(453, 232, 5, 'approved_by', '2026-04-10 06:50:09'),
(454, 233, 5, 'prepared_by', '2026-04-10 12:52:45'),
(455, 233, 5, 'approved_by', '2026-04-10 12:52:53'),
(456, 234, 5, 'prepared_by', '2026-04-10 12:57:09'),
(457, 234, 5, 'approved_by', '2026-04-10 12:57:11'),
(458, 235, 5, 'prepared_by', '2026-04-11 10:47:03'),
(459, 235, 5, 'approved_by', '2026-04-11 10:47:05'),
(460, 236, 5, 'prepared_by', '2026-04-14 06:04:03'),
(461, 236, 5, 'approved_by', '2026-04-14 06:04:05'),
(462, 237, 5, 'prepared_by', '2026-04-14 06:05:39'),
(463, 237, 5, 'approved_by', '2026-04-14 06:05:42'),
(464, 238, 5, 'prepared_by', '2026-04-14 14:06:53'),
(465, 238, 5, 'approved_by', '2026-04-14 14:06:54'),
(466, 239, 5, 'prepared_by', '2026-04-15 05:56:49'),
(467, 239, 5, 'approved_by', '2026-04-15 05:56:51'),
(468, 240, 5, 'prepared_by', '2026-04-15 07:52:21'),
(469, 240, 5, 'approved_by', '2026-04-15 07:52:23'),
(470, 241, 5, 'prepared_by', '2026-04-15 07:53:08'),
(471, 241, 5, 'approved_by', '2026-04-15 07:53:10'),
(472, 242, 5, 'prepared_by', '2026-04-15 07:53:49'),
(473, 242, 5, 'approved_by', '2026-04-15 07:53:51'),
(474, 243, 5, 'prepared_by', '2026-04-15 07:57:29'),
(475, 243, 5, 'approved_by', '2026-04-15 07:57:31'),
(476, 244, 5, 'prepared_by', '2026-04-16 06:12:07'),
(477, 244, 5, 'approved_by', '2026-04-16 06:12:09'),
(478, 245, 5, 'prepared_by', '2026-04-16 08:46:36'),
(479, 245, 5, 'approved_by', '2026-04-16 08:46:38'),
(480, 246, 5, 'prepared_by', '2026-04-16 13:22:30'),
(481, 246, 5, 'approved_by', '2026-04-16 13:22:32'),
(482, 247, 5, 'prepared_by', '2026-04-17 05:57:03'),
(483, 247, 5, 'approved_by', '2026-04-17 05:57:05'),
(484, 248, 5, 'prepared_by', '2026-04-17 05:58:06'),
(485, 248, 5, 'approved_by', '2026-04-17 05:58:09'),
(486, 249, 5, 'prepared_by', '2026-04-17 06:03:39'),
(487, 249, 5, 'approved_by', '2026-04-17 06:03:41'),
(488, 250, 5, 'prepared_by', '2026-04-17 06:14:40'),
(489, 250, 5, 'approved_by', '2026-04-17 06:14:42'),
(490, 251, 5, 'prepared_by', '2026-04-17 06:48:24'),
(491, 251, 5, 'approved_by', '2026-04-17 06:48:29'),
(492, 252, 5, 'prepared_by', '2026-04-17 06:49:23'),
(493, 252, 5, 'approved_by', '2026-04-17 06:49:24'),
(494, 253, 5, 'prepared_by', '2026-04-17 06:56:19'),
(495, 253, 5, 'approved_by', '2026-04-17 06:56:22'),
(496, 254, 5, 'prepared_by', '2026-04-17 13:45:35'),
(497, 254, 5, 'approved_by', '2026-04-17 13:45:37'),
(498, 255, 5, 'prepared_by', '2026-04-18 08:47:03'),
(499, 255, 5, 'approved_by', '2026-04-18 08:47:04'),
(500, 256, 5, 'prepared_by', '2026-04-18 10:12:06'),
(501, 256, 5, 'approved_by', '2026-04-18 10:12:08'),
(502, 257, 5, 'prepared_by', '2026-04-18 13:03:57'),
(503, 257, 5, 'approved_by', '2026-04-18 13:04:01'),
(504, 258, 5, 'prepared_by', '2026-04-18 13:05:01'),
(505, 258, 5, 'approved_by', '2026-04-18 13:05:03'),
(506, 259, 5, 'prepared_by', '2026-04-18 13:23:54'),
(507, 260, 5, 'prepared_by', '2026-04-18 13:23:54'),
(508, 260, 5, 'approved_by', '2026-04-18 13:23:56'),
(509, 261, 5, 'prepared_by', '2026-04-20 12:13:52'),
(510, 261, 5, 'approved_by', '2026-04-20 12:13:53'),
(511, 262, 5, 'prepared_by', '2026-04-20 12:14:30'),
(512, 262, 5, 'approved_by', '2026-04-20 12:14:32'),
(513, 263, 5, 'prepared_by', '2026-04-20 12:19:07'),
(514, 263, 5, 'approved_by', '2026-04-20 12:19:08'),
(515, 264, 5, 'prepared_by', '2026-04-22 07:56:24'),
(516, 264, 5, 'approved_by', '2026-04-22 07:56:25'),
(517, 265, 5, 'prepared_by', '2026-04-22 07:57:43'),
(518, 265, 5, 'approved_by', '2026-04-22 07:57:44'),
(519, 266, 5, 'prepared_by', '2026-04-22 12:30:59'),
(520, 266, 5, 'approved_by', '2026-04-22 12:31:01'),
(521, 267, 5, 'prepared_by', '2026-04-22 13:06:19'),
(522, 267, 5, 'approved_by', '2026-04-22 13:06:21'),
(523, 268, 5, 'prepared_by', '2026-04-22 13:07:05'),
(524, 268, 5, 'approved_by', '2026-04-22 13:07:06'),
(525, 269, 5, 'prepared_by', '2026-04-23 07:34:53'),
(526, 269, 5, 'approved_by', '2026-04-23 07:34:55'),
(527, 270, 5, 'prepared_by', '2026-04-23 09:27:10'),
(528, 270, 5, 'approved_by', '2026-04-23 09:27:11'),
(529, 271, 5, 'prepared_by', '2026-04-24 06:21:18'),
(530, 271, 5, 'approved_by', '2026-04-24 06:21:19'),
(531, 272, 5, 'prepared_by', '2026-04-24 07:02:12'),
(532, 272, 5, 'approved_by', '2026-04-24 07:02:14'),
(533, 273, 5, 'prepared_by', '2026-04-24 07:15:54'),
(534, 273, 5, 'approved_by', '2026-04-24 07:15:55'),
(535, 274, 5, 'prepared_by', '2026-04-24 07:23:07'),
(536, 274, 5, 'approved_by', '2026-04-24 07:23:09'),
(537, 275, 5, 'prepared_by', '2026-04-24 09:56:10'),
(538, 275, 5, 'approved_by', '2026-04-24 09:56:12'),
(539, 276, 5, 'prepared_by', '2026-04-24 09:56:48'),
(540, 276, 5, 'approved_by', '2026-04-24 09:56:50'),
(541, 277, 5, 'prepared_by', '2026-04-24 13:10:27'),
(542, 277, 5, 'approved_by', '2026-04-24 13:10:28'),
(543, 278, 5, 'prepared_by', '2026-04-25 08:56:12'),
(544, 278, 5, 'approved_by', '2026-04-25 08:56:14'),
(545, 279, 5, 'prepared_by', '2026-04-25 08:56:57'),
(546, 279, 5, 'approved_by', '2026-04-25 08:57:03'),
(547, 280, 5, 'prepared_by', '2026-04-27 05:57:30'),
(548, 280, 5, 'approved_by', '2026-04-27 05:57:32'),
(549, 281, 5, 'prepared_by', '2026-04-27 05:59:21'),
(550, 281, 5, 'approved_by', '2026-04-27 05:59:23'),
(551, 282, 5, 'prepared_by', '2026-04-27 06:01:19'),
(552, 282, 5, 'approved_by', '2026-04-27 06:01:21'),
(553, 283, 5, 'prepared_by', '2026-04-27 06:06:20'),
(554, 283, 5, 'approved_by', '2026-04-27 06:06:22'),
(555, 284, 5, 'prepared_by', '2026-04-27 06:14:25'),
(556, 284, 5, 'approved_by', '2026-04-27 06:14:27'),
(557, 285, 5, 'prepared_by', '2026-04-27 06:15:39'),
(558, 285, 5, 'approved_by', '2026-04-27 06:15:41'),
(559, 286, 5, 'prepared_by', '2026-04-27 06:44:38'),
(560, 286, 5, 'approved_by', '2026-04-27 06:44:42'),
(561, 287, 5, 'prepared_by', '2026-04-27 06:45:41'),
(562, 287, 5, 'approved_by', '2026-04-27 06:45:43'),
(563, 288, 5, 'prepared_by', '2026-04-27 06:46:45'),
(564, 288, 5, 'approved_by', '2026-04-27 06:46:47'),
(565, 289, 5, 'prepared_by', '2026-04-27 07:26:45'),
(566, 289, 5, 'approved_by', '2026-04-27 07:26:47'),
(567, 290, 5, 'prepared_by', '2026-04-28 05:46:02'),
(568, 291, 5, 'prepared_by', '2026-04-28 05:46:53'),
(569, 291, 5, 'approved_by', '2026-04-28 05:46:55'),
(570, 292, 4, 'prepared_by', '2026-04-29 06:42:21'),
(571, 292, 4, 'approved_by', '2026-04-29 06:42:30'),
(573, 294, 4, 'prepared_by', '2026-04-29 07:01:44'),
(574, 294, 4, 'approved_by', '2026-04-29 07:01:48'),
(575, 295, 4, 'prepared_by', '2026-04-29 08:08:58'),
(576, 296, 4, 'prepared_by', '2026-04-29 08:08:59'),
(577, 296, 4, 'approved_by', '2026-04-29 08:09:00'),
(578, 297, 4, 'prepared_by', '2026-04-29 08:17:52'),
(579, 297, 4, 'approved_by', '2026-04-29 08:17:54'),
(580, 298, 1, 'prepared_by', '2026-04-29 15:06:41'),
(581, 299, 4, 'prepared_by', '2026-04-30 06:15:56'),
(582, 299, 4, 'approved_by', '2026-04-30 06:16:02'),
(587, 302, 4, 'prepared_by', '2026-04-30 08:09:45'),
(588, 302, 4, 'approved_by', '2026-04-30 08:09:48'),
(591, 304, 4, 'prepared_by', '2026-04-30 08:26:19'),
(592, 304, 4, 'approved_by', '2026-04-30 08:26:21'),
(593, 305, 5, 'prepared_by', '2026-04-30 09:50:47'),
(594, 305, 5, 'approved_by', '2026-04-30 09:50:50');

-- Re-enable foreign keys
PRAGMA foreign_keys = ON;
